eid,Ruminococcus_bromii,Bifidobacterium_longum,Faecalibacterium_prausnitzii,Bacteroides_stercoris,Bacteroides_fragilis,Bacteroides_thetaiotaomicron,Erysipelatoclostridium_ramosum,Phocaeicola_dorei,Clostridium_innocuum,Enterocloster_bolteae,Ruminococcus_gnavus,Massilimicrobiota_timonensis,Sellimonas_intestinalis,Parabacteroides_distasonis,Clostridium_SGB4750,Clostridiales_bacterium_KLE1615,Fusicatenibacter_saccharivorans,Mediterraneibacter_glycyrrhizinilyticus,Bacteroides_uniformis,Blautia_wexlerae,Eggerthella_lenta,Flavonifractor_plautii,Bifidobacterium_breve,Dysosmobacter_welbionis,Parasutterella_SGB9260,GGB3510_SGB4687,Streptococcus_salivarius,Lachnospiraceae_bacterium_CLA_AA_H244,Enterocloster_clostridioformis,Enterocloster_aldenensis,Clostridium_sp_AM29_11AC,Hydrogenoanaerobacterium_saccharovorans,Hungatella_hathewayi,Anaerostipes_caccae,Butyricimonas_faecihominis,Lawsonibacter_asaccharolyticus,Blautia_producta,Bacteroides_ovatus,Thomasclavelia_spiroformis,Massilioclostridium_coli,Streptococcus_oralis,Ruminococcus_bicirculans,Streptococcus_parasanguinis,Actinomyces_graevenitzii,GGB3109_SGB4121,Clostridium_symbiosum,Ruthenibacterium_lactatiformans,Clostridium_spiroforme,Mogibacterium_diversum,Enterocloster_citroniae,Mediterraneibacter_SGB48424,Lancefieldella_parvula,Schaalia_odontolytica,Clostridiaceae_bacterium,bacterium_210917_DFI_7_65,Clostridiales_bacterium,Blautia_faecis,Streptococcus_australis,Lachnospira_pectinoschiza,Alistipes_communis,Fournierella_massiliensis,Streptococcus_sanguinis,Granulicatella_SGB8255,Hydrogeniiclostridium_mannosilyticum,Anaerobutyricum_soehngenii,Anaerofustis_stercorihominis,Streptococcus_mitis,Bacteroides_caccae,GGB3444_SGB4594,Clostridium_leptum,Intestinibacter_bartlettii,Parabacteroides_johnsonii,Bacteroides_xylanisolvens,Enterococcus_faecium,Ruminococcus_torques,Blautia_caecimuris,Blautia_hansenii,Bilophila_wadsworthia,Oscillospiraceae_bacterium_CLA_AA_H250,Faecalibacterium_SGB15346,Veillonella_ratti,Megasphaera_massiliensis,Eubacterium_sp_c_25,Butyricicoccus_SGB14985,GGB3538_SGB4728,Enterococcus_avium,GGB3534_SGB4722,Mediterraneibacter_SGB4598,Flavonifractor_sp_An10,Lachnoclostridium_sp_An138,GGB3034_SGB4030,Lachnoclostridium_SGB4602,Abiotrophia_sp_HMSC24B09,Granulicatella_adiacens,Streptococcus_constellatus,Actinomyces_bouchesdurhonensis,Anaerostipes_butyraticus,Gemmiger_sp_An87,Citrobacter_portucalensis,Citrobacter_braakii
DEMO_0001,0.000000,1.106017,0.926699,0.000000,0.505070,0.259547,0.000000,0.000000,0.000000,0.000000,1.192654,1.333217,0.958368,1.035904,0.000000,0.000000,0.843664,0.915311,0.838962,0.000000,1.005688,2.250662,0.000000,1.192310,0.000000,0.541426,1.130078,0.000000,0.875833,0.790933,0.000000,0.000000,0.409943,0.536447,0.369075,2.214247,1.556664,0.000000,0.866594,0.000000,0.000000,1.170844,1.624820,0.000000,0.000000,0.000000,0.000000,0.309136,0.662130,0.482529,0.000000,1.329224,0.684479,0.000000,0.000000,0.844366,0.974199,0.000000,0.000000,0.000000,0.000000,0.000000,1.394475,0.000000,0.000000,1.102198,1.884258,0.000000,0.000000,1.305398,0.987610,0.000000,0.542025,0.418183,0.742458,2.672882,0.000000,0.836198,0.000000,0.000000,0.000000,0.000000,0.000000,0.000000,0.000000,0.000000,0.000000,0.000000,0.000000,0.000000,0.000000,0.000000,0.000000,0.000000,0.000000,1.355080,0.000000,0.000000,0.000000,0.000000
DEMO_0002,1.525037,0.000000,0.580480,0.714687,0.000000,0.000000,0.686030,0.949037,1.104451,0.000000,0.000000,1.028222,0.000000,0.688485,2.235045,0.541091,1.209148,1.284654,2.227862,0.000000,0.936624,0.000000,0.463477,0.000000,0.000000,0.000000,0.000000,0.000000,0.000000,0.469872,0.419578,0.598886,2.435813,0.638430,0.000000,1.151387,0.719340,0.557212,0.000000,0.000000,0.000000,0.000000,0.719942,1.458342,1.828656,0.310882,0.792002,0.000000,0.000000,0.837775,0.000000,0.997852,1.063184,0.196291,0.858138,0.895104,0.000000,0.389569,0.575552,1.898170,0.873625,0.000000,0.490020,0.000000,0.664399,0.000000,1.482213,0.000000,0.307934,0.727806,0.669401,1.301649,0.000000,0.606015,0.000000,0.422909,1.044400,0.733918,1.313604,0.000000,0.000000,0.000000,0.000000,0.000000,0.000000,0.000000,0.000000,0.000000,0.000000,0.000000,0.000000,0.000000,0.000000,0.000000,0.000000,0.000000,0.000000,0.727859,0.000000,0.000000
DEMO_0003,0.000000,0.391602,0.834672,1.859627,2.280942,0.499732,0.505543,0.259366,1.237727,0.446276,0.000000,1.477178,0.392156,1.349257,0.000000,0.000000,0.985321,0.239701,1.617470,0.000000,0.600185,0.549611,0.000000,0.172827,1.377837,0.000000,0.842253,0.715244,0.000000,0.203427,0.571457,0.497337,0.000000,0.304837,0.738687,1.042504,1.363155,0.726758,0.000000,0.323792,0.000000,0.000000,0.000000,0.000000,1.618694,1.085155,1.686138,0.539067,0.849571,1.757820,0.943421,1.487518,0.572023,0.612814,0.607771,1.365720,0.000000,2.220199,0.000000,0.000000,0.293801,0.000000,0.409081,1.178220,0.000000,0.000000,0.000000,0.000000,0.000000,0.000000,0.210471,0.571138,1.492629,1.044662,1.515367,0.000000,0.000000,0.158131,0.723372,0.000000,0.000000,0.000000,0.000000,0.000000,0.000000,0.000000,0.000000,0.000000,0.000000,0.000000,0.000000,0.000000,0.000000,0.000000,0.000000,0.000000,0.000000,0.000000,0.000000,0.277810
DEMO_0004,0.000000,0.503982,0.000000,0.000000,0.000000,1.168688,2.222732,0.000000,1.433509,0.412869,0.713976,0.427946,0.237479,1.113642,0.771931,2.265575,0.839778,0.667086,1.223707,0.000000,0.741342,1.213426,0.000000,0.396648,0.000000,0.534316,0.000000,0.183229,0.963197,0.000000,0.000000,1.640354,0.438999,0.901351,0.000000,1.352579,0.804117,1.871074,1.220841,0.000000,0.000000,0.000000,0.506836,0.812992,1.908127,0.000000,0.396486,0.000000,0.639944,0.261296,0.000000,0.620315,0.000000,0.479711,1.033866,0.508810,0.771222,2.194808,0.247312,0.758108,0.377019,1.671887,0.000000,0.000000,1.176175,0.000000,0.000000,0.000000,0.000000,0.936306,0.454566,1.114045,1.467376,0.551127,0.252116,0.388479,0.000000,0.716677,0.495660,0.000000,0.000000,0.000000,0.000000,0.000000,0.000000,0.000000,0.000000,0.000000,0.000000,0.000000,0.000000,0.000000,0.493402,0.000000,0.000000,0.000000,0.000000,0.000000,0.000000,0.000000
DEMO_0005,0.000000,1.365950,0.000000,1.342185,0.000000,0.598096,0.000000,0.000000,1.226305,0.304726,0.281834,1.695242,0.000000,1.093299,2.286716,1.403854,0.858346,0.818928,1.064040,0.000000,0.000000,0.955739,0.000000,0.000000,0.324045,0.693734,0.470345,0.000000,0.000000,0.000000,0.843435,0.818496,0.424362,0.512373,1.890785,1.153709,1.099182,0.000000,0.000000,1.533445,0.000000,0.000000,0.000000,1.384853,0.000000,0.766285,0.000000,0.931383,0.000000,0.439089,1.458982,0.000000,0.610414,0.703726,0.883014,1.244758,2.279814,0.797079,1.622700,0.000000,1.492277,0.386061,1.015778,0.000000,0.000000,0.000000,0.000000,0.645881,0.686948,0.513769,0.760241,0.597799,1.159632,0.980159,1.091104,0.000000,0.658734,0.300896,0.000000,0.000000,0.000000,0.000000,0.000000,0.000000,0.000000,0.000000,0.000000,0.000000,0.000000,0.000000,0.000000,0.000000,0.000000,0.000000,0.000000,0.000000,0.000000,0.000000,0.000000,0.000000
DEMO_0006,0.000000,0.232149,0.000000,1.081441,1.414924,0.000000,0.000000,0.000000,0.000000,0.000000,1.141781,0.553021,0.273228,0.759412,1.409147,0.891703,1.604124,1.880567,1.664091,0.330441,1.159510,0.000000,0.000000,0.716331,0.000000,0.000000,0.508121,0.000000,0.000000,1.379763,0.487671,0.000000,0.730567,0.000000,1.483811,0.964302,1.506233,2.278983,0.372510,1.636739,0.000000,0.000000,0.000000,0.921918,0.700297,0.388166,0.000000,0.000000,0.000000,0.512991,1.539332,0.452333,0.477933,1.154260,0.560596,1.012166,2.150846,0.000000,0.000000,0.000000,1.599205,0.000000,0.794593,0.915962,0.000000,0.454156,0.000000,0.000000,0.865938,0.984029,0.000000,0.722238,0.657902,0.983099,0.261030,1.636051,0.000000,0.000000,0.000000,0.884802,0.000000,0.000000,0.000000,0.000000,0.000000,0.000000,0.000000,0.000000,0.000000,0.000000,0.000000,0.000000,0.000000,0.000000,0.436998,0.000000,0.000000,0.000000,0.000000,0.000000
DEMO_0007,0.728686,0.000000,0.944863,1.159143,0.548599,0.000000,1.028292,0.000000,0.585754,1.520410,0.490150,0.764542,0.000000,0.442124,0.269644,1.088642,1.310199,0.871207,1.763460,0.000000,1.218628,0.000000,0.000000,0.000000,0.000000,0.000000,0.964424,1.696094,0.648031,0.000000,0.392306,0.660229,1.469021,0.672595,0.528886,0.849587,0.000000,0.486541,0.000000,0.000000,0.351267,0.000000,0.125965,0.000000,0.000000,0.000000,1.194409,0.225300,0.829686,1.434396,0.924607,0.576872,1.222091,0.904696,0.595340,0.000000,0.857294,0.537065,0.783616,0.000000,0.909484,0.000000,0.974192,0.000000,0.321093,0.000000,0.980159,1.378885,0.000000,0.834899,0.576478,1.665786,1.811302,0.000000,0.969537,1.555656,0.000000,1.010009,2.437197,1.076879,0.000000,0.000000,0.000000,0.000000,0.000000,0.000000,0.000000,0.000000,0.000000,0.000000,0.000000,0.000000,0.000000,0.000000,0.000000,0.000000,0.000000,0.000000,0.000000,0.000000
DEMO_0008,1.113973,0.743579,0.000000,0.000000,0.956759,0.000000,0.438767,0.000000,0.000000,1.334092,1.069734,0.000000,0.000000,1.750025,1.095377,1.036872,1.176512,0.000000,1.645750,0.000000,0.529168,2.118491,0.000000,0.532716,0.000000,2.131709,0.000000,0.491470,0.000000,0.513806,0.000000,0.000000,0.559578,1.591230,1.063648,0.000000,1.351074,0.960756,0.000000,0.688525,0.000000,0.272632,0.768072,0.000000,0.000000,1.433254,0.689760,0.827667,0.960382,1.023819,0.444598,1.491472,0.762309,1.045529,0.000000,0.567773,1.205333,1.791077,0.000000,0.944557,0.000000,0.000000,0.330677,0.000000,1.478352,0.000000,1.172626,1.174308,0.833422,1.146700,0.433663,0.630056,0.197946,0.746745,0.514892,0.431265,0.000000,0.000000,1.085679,0.639995,0.000000,0.000000,0.000000,0.000000,0.000000,0.000000,0.000000,0.000000,0.000000,0.000000,0.000000,0.000000,0.000000,0.000000,0.000000,0.000000,0.000000,0.000000,0.000000,0.000000
DEMO_0009,0.000000,0.000000,0.812615,1.362477,0.273869,2.226189,0.000000,0.393025,0.587486,0.554198,1.629992,0.134410,0.000000,1.197247,0.000000,0.466010,0.608443,0.555532,1.173826,0.000000,0.000000,0.665431,0.400880,0.000000,2.103686,1.650719,0.541241,1.523635,0.664710,0.720463,0.917402,0.663693,0.908398,0.474267,1.565352,0.234131,1.639961,0.814769,0.386598,0.668012,0.000000,0.605654,0.309175,0.000000,0.000000,1.097268,0.630909,2.114648,0.817810,0.000000,1.519218,1.246522,1.157123,0.449804,0.214904,1.172791,0.000000,0.000000,0.000000,0.000000,0.000000,0.398562,0.000000,0.000000,0.990441,0.651662,0.000000,1.119453,0.000000,0.000000,0.593570,0.436049,1.133028,0.661249,1.423639,0.903838,0.000000,0.000000,0.000000,0.967448,0.000000,0.000000,0.000000,0.000000,0.000000,0.000000,0.000000,0.000000,0.000000,0.000000,0.000000,0.000000,0.000000,0.000000,0.000000,0.000000,0.000000,0.000000,0.000000,0.000000
DEMO_0010,0.000000,0.801660,1.411912,0.000000,0.000000,0.000000,1.142701,0.000000,0.000000,1.554075,0.647669,0.000000,0.351854,0.373352,0.554305,0.878006,1.414747,0.000000,0.000000,0.000000,0.000000,0.965950,1.030922,0.562785,0.000000,0.000000,0.000000,0.000000,0.851885,1.601677,1.863630,1.072358,0.000000,0.000000,0.615160,0.874667,0.000000,0.402362,1.217548,0.000000,0.000000,0.461906,0.000000,0.000000,0.336959,1.246686,0.000000,2.273138,0.121793,0.000000,0.000000,1.576949,0.888051,0.000000,0.432887,1.735645,0.810091,0.000000,1.309384,0.000000,0.000000,0.000000,0.000000,0.477193,1.307470,1.104376,0.000000,1.232240,0.000000,0.624684,0.465687,1.898570,1.190808,0.385905,0.851398,0.565383,0.000000,1.179859,2.121261,0.000000,0.000000,0.000000,0.000000,0.000000,0.000000,0.000000,0.000000,0.000000,0.000000,0.000000,0.000000,0.000000,0.000000,0.000000,0.000000,0.000000,1.736265,0.000000,0.000000,0.000000
DEMO_0011,0.357537,1.802202,0.000000,1.486571,2.557252,1.494917,0.358974,0.000000,0.656526,1.296872,0.172497,0.000000,0.000000,0.000000,0.938221,0.922606,0.944471,0.859321,1.007532,0.392794,0.000000,0.929347,1.066713,0.000000,1.111192,0.000000,0.236633,0.000000,0.623820,0.000000,0.439026,1.488955,0.287245,0.142161,1.591077,0.685280,1.126541,1.048211,0.000000,0.666449,1.029476,1.129825,0.000000,0.574050,0.000000,0.602983,0.000000,1.203866,0.000000,0.000000,0.754621,0.811632,2.355111,0.231035,0.647541,0.255319,0.664215,0.754823,0.000000,0.912983,0.709260,0.000000,1.468197,0.732542,0.397871,0.000000,0.372808,0.632607,1.385984,1.466148,0.576615,0.432179,0.000000,0.000000,0.741912,0.347625,0.000000,0.000000,0.000000,0.798429,0.000000,0.000000,0.000000,0.000000,0.000000,0.000000,0.000000,0.000000,0.000000,0.000000,0.000000,0.000000,0.000000,0.000000,0.000000,0.000000,0.000000,0.000000,0.000000,0.000000
DEMO_0012,0.000000,0.000000,0.000000,1.061002,0.729590,0.000000,0.000000,0.571279,1.432293,0.833765,0.000000,0.000000,1.260138,1.047057,0.608326,0.000000,0.777252,1.947611,0.304960,0.000000,0.000000,0.000000,0.693544,0.000000,1.256517,0.597083,0.000000,0.000000,0.831953,0.000000,0.577917,1.717293,1.211806,1.151343,1.052517,1.468469,1.960171,2.089264,0.000000,0.717237,0.000000,0.000000,0.000000,0.000000,0.000000,1.179300,0.000000,0.691075,0.000000,1.413470,0.000000,0.000000,0.000000,0.673310,0.978340,0.000000,1.060193,0.000000,0.000000,0.804791,0.885200,0.000000,1.007832,0.000000,1.060283,0.000000,1.007268,0.000000,1.593856,0.797729,0.372589,0.805696,0.581386,1.675678,1.984507,0.412410,0.000000,1.321263,0.000000,0.571307,0.000000,0.000000,0.000000,0.000000,1.366656,0.000000,0.000000,0.000000,0.000000,0.000000,0.000000,0.000000,0.000000,0.000000,0.000000,0.000000,0.000000,0.000000,0.000000,0.000000
DEMO_0013,0.000000,0.000000,0.000000,0.818004,0.353140,0.745754,1.005979,0.766215,0.595421,0.000000,0.857871,0.658911,0.000000,0.000000,0.999911,1.360090,0.831288,0.592234,0.000000,0.667538,0.940532,0.000000,0.000000,0.000000,0.000000,2.070241,0.000000,0.391236,0.000000,0.000000,0.797400,1.065708,1.810305,0.762093,0.000000,0.724306,0.487293,1.548618,0.887438,0.000000,1.282272,0.000000,1.059491,0.327996,1.755370,1.255958,0.471837,0.659166,0.000000,0.000000,0.741269,0.000000,2.111105,0.704457,0.371748,0.656022,2.068766,0.000000,0.656037,0.329911,0.000000,1.064969,0.000000,1.049401,1.993792,0.000000,0.000000,1.056579,0.974734,1.078113,0.957089,0.753186,0.000000,0.271806,1.127586,1.169079,0.260204,0.425298,1.076018,0.000000,0.000000,0.000000,0.000000,0.000000,0.000000,0.000000,0.000000,0.000000,0.000000,0.000000,0.000000,0.000000,0.000000,0.000000,0.000000,0.000000,0.000000,0.000000,0.000000,0.000000
DEMO_0014,0.000000,0.803200,0.626668,0.000000,0.782879,0.000000,0.000000,0.000000,0.437704,0.000000,0.832561,0.070758,0.729382,0.985539,0.000000,1.283030,0.656613,1.806088,0.875068,0.000000,0.000000,0.000000,0.000000,0.569668,0.000000,0.500776,0.000000,0.000000,0.000000,0.249189,2.802570,0.000000,2.212139,1.022251,0.346945,0.300802,0.911618,0.000000,0.000000,0.638323,0.000000,0.000000,0.193938,0.000000,0.000000,0.000000,0.433296,0.985876,0.000000,0.291338,0.000000,0.000000,1.821040,1.278067,0.670246,0.860743,0.842095,0.000000,1.620972,1.226139,0.519466,0.000000,0.000000,0.000000,0.000000,0.997540,0.581864,0.671188,2.034195,0.000000,1.054757,2.211648,0.862023,0.369966,0.000000,0.957648,1.315087,0.884640,0.000000,1.323787,0.000000,0.000000,0.000000,0.000000,0.000000,0.000000,0.000000,0.000000,0.000000,0.000000,0.000000,0.000000,0.000000,0.000000,0.000000,0.000000,0.000000,0.000000,0.000000,0.000000
DEMO_0015,0.000000,0.894712,0.000000,1.225938,0.000000,0.000000,0.397228,1.570201,0.000000,0.559798,1.301932,0.000000,0.000000,0.753091,1.701088,0.000000,1.338959,0.378196,1.027359,0.000000,0.000000,1.049134,0.000000,0.000000,0.713224,1.948416,0.000000,0.000000,0.690187,1.562137,0.921547,0.954504,0.000000,0.995167,0.417255,2.525992,0.000000,1.102978,0.000000,0.943530,0.000000,0.000000,0.000000,0.000000,0.000000,0.858464,0.000000,0.000000,1.140045,0.791725,0.949068,1.627923,1.391288,0.990969,0.000000,1.183904,0.532563,1.347232,0.000000,0.752279,0.620598,1.705151,0.000000,0.000000,0.000000,0.551502,0.000000,1.479820,0.571073,0.996280,0.730799,0.648986,0.847184,0.763845,0.827198,0.519173,0.000000,0.000000,0.000000,0.000000,0.000000,0.200324,1.316698,0.000000,0.000000,0.000000,0.000000,0.000000,0.000000,0.000000,0.242716,0.000000,0.000000,0.000000,0.000000,0.000000,0.000000,0.000000,0.000000,0.000000
DEMO_0016,0.084390,0.503498,0.000000,1.512346,0.112310,0.536043,0.000000,0.000000,1.657389,0.000000,0.396304,1.554845,1.154737,0.806881,0.556786,0.272418,0.979364,0.000000,0.873331,0.000000,0.000000,2.138059,0.669108,0.639381,1.351375,0.363189,0.000000,0.000000,1.103556,0.000000,0.000000,0.562385,0.261617,0.601757,0.606187,0.000000,0.000000,1.162990,0.000000,0.000000,0.000000,0.000000,0.000000,0.517737,0.388281,0.482503,0.334128,2.380887,0.682586,2.227739,0.000000,0.000000,0.802052,0.906504,0.251456,1.039691,0.000000,0.000000,0.000000,2.001739,0.489918,0.864446,0.000000,0.855110,0.536890,0.871127,0.000000,0.000000,0.957127,0.962201,0.000000,0.507924,0.000000,0.874664,1.457789,1.592666,0.000000,0.000000,0.000000,0.000000,0.000000,0.000000,1.906981,0.000000,0.000000,0.000000,0.000000,0.000000,0.000000,1.432289,0.000000,0.000000,0.000000,0.000000,0.000000,0.000000,0.000000,0.000000,0.000000,0.000000
DEMO_0017,0.000000,0.227502,1.915253,0.000000,0.000000,0.104127,1.019010,0.326462,0.000000,2.460279,0.000000,0.955770,0.000000,0.000000,1.701550,0.756830,1.119339,1.104357,0.000000,0.000000,0.000000,1.156182,0.000000,0.000000,0.356382,0.637117,0.840064,0.000000,0.753205,0.760751,0.000000,0.000000,0.000000,0.831082,0.332166,0.759996,1.510337,0.296767,1.191260,0.183249,0.000000,0.000000,0.509007,2.514867,0.198466,0.000000,0.000000,0.000000,0.888873,0.418175,1.072958,0.787761,0.428842,0.920939,0.477148,1.041661,0.664995,0.855776,2.609637,0.000000,0.710586,0.000000,0.000000,0.000000,1.492405,0.708657,0.191085,0.531327,0.248533,0.522501,0.389694,1.495252,0.314048,0.000000,1.184259,0.973831,0.738310,0.000000,0.000000,0.000000,0.000000,0.000000,0.000000,0.000000,0.000000,0.000000,0.000000,0.000000,0.000000,0.000000,0.000000,0.000000,0.000000,0.000000,0.000000,0.000000,0.000000,0.000000,0.000000,0.000000
DEMO_0018,0.000000,0.057662,0.000000,0.000000,1.110481,0.000000,0.000000,0.000000,0.000000,1.983002,0.406178,1.309888,0.490807,0.000000,1.510590,0.686071,0.000000,0.953765,0.000000,0.207536,0.803696,0.729526,0.000000,1.845969,0.506775,0.442417,0.000000,0.000000,0.000000,0.000000,0.709073,0.000000,0.693881,0.592096,1.595547,0.409387,1.835240,1.032190,1.582168,1.221829,0.000000,0.000000,1.375882,1.139196,1.923027,0.000000,0.000000,0.929967,2.134787,0.631807,0.000000,0.583549,0.000000,0.442603,0.000000,1.491613,0.769849,0.000000,1.570340,0.000000,0.000000,0.502255,1.461075,0.381818,0.906456,0.243310,0.000000,1.272825,0.769372,0.554816,0.703345,0.000000,0.308458,0.955043,1.228632,1.509089,0.391238,0.000000,0.000000,0.543089,0.508529,0.000000,0.000000,0.000000,0.000000,0.000000,0.000000,0.000000,0.000000,0.000000,0.000000,0.000000,0.000000,0.000000,0.000000,0.000000,0.000000,0.000000,0.000000,0.000000
DEMO_0019,0.000000,1.943869,0.000000,0.396261,1.018997,0.720430,1.002170,0.000000,0.000000,0.000000,0.000000,0.294777,0.000000,0.000000,0.662227,0.000000,1.692584,0.000000,1.119351,0.000000,0.000000,0.000000,0.000000,0.803676,1.519782,0.656217,0.647951,2.321004,2.098587,1.360730,1.071772,0.000000,0.000000,1.218826,1.324752,1.028173,0.733425,0.465357,0.882773,0.000000,0.753959,0.000000,0.000000,0.558400,0.971711,1.828541,1.607458,0.000000,0.717812,1.015604,0.000000,0.000000,0.452585,0.417841,0.000000,0.599830,1.774708,0.000000,0.000000,0.000000,0.797100,0.000000,0.000000,1.135528,1.319385,1.261526,0.000000,1.699559,0.000000,0.708233,0.000000,0.875251,0.565370,0.000000,0.647072,0.793834,0.347344,1.165439,0.000000,0.000000,0.000000,0.000000,0.000000,0.000000,0.000000,0.000000,0.000000,0.000000,0.000000,0.000000,0.000000,0.000000,0.000000,0.000000,0.000000,0.000000,0.000000,0.000000,0.000000,0.000000
DEMO_0020,2.670184,0.000000,0.820391,0.000000,1.397384,0.448316,0.544231,0.000000,0.000000,1.274137,1.307179,0.793108,0.000000,1.517528,0.000000,0.990090,0.779412,0.582825,0.533928,0.405010,0.000000,0.000000,0.000000,1.375267,0.000000,0.000000,0.981548,2.693528,1.898026,1.056891,1.027076,0.608776,0.000000,0.469984,0.803910,0.841207,1.524989,0.654055,0.000000,0.000000,0.953055,0.337490,0.609064,0.235482,0.288669,0.647835,0.000000,1.598710,0.363053,0.371894,0.000000,0.897432,0.000000,0.995713,0.000000,1.214382,0.405684,0.000000,0.000000,0.000000,0.000000,0.000000,0.000000,1.824023,0.645360,0.000000,0.000000,0.000000,0.560356,0.420778,0.390384,0.620895,0.604256,0.728502,0.000000,1.291280,0.423105,0.000000,0.582269,0.000000,0.000000,0.000000,0.000000,0.000000,0.000000,0.000000,0.000000,0.000000,0.000000,0.000000,0.000000,0.000000,0.000000,0.000000,0.000000,0.000000,0.000000,0.000000,0.000000,0.000000
DEMO_0021,0.000000,0.000000,1.362747,0.000000,0.000000,1.053830,0.267649,0.629322,1.137760,0.841752,0.000000,2.020652,0.471963,0.936297,1.349495,0.635589,1.157891,0.386876,0.802206,1.227772,0.977811,0.360964,0.000000,0.000000,0.000000,0.000000,0.000000,1.080241,0.000000,0.000000,0.419660,1.150478,0.475293,0.000000,1.012252,1.131686,1.249379,0.000000,0.000000,0.854914,1.701367,0.411507,0.726633,1.744577,0.961455,0.355225,0.803164,0.000000,2.110680,1.644555,0.000000,0.000000,0.759519,0.892948,0.192714,2.094993,0.611298,0.000000,0.000000,0.588500,0.880793,0.153273,0.000000,0.000000,2.133854,1.290611,0.000000,0.585517,0.000000,0.000000,1.105652,0.780431,1.121767,0.651254,0.547446,0.345171,0.000000,0.000000,0.000000,0.000000,0.000000,0.000000,0.000000,0.000000,0.000000,0.000000,0.000000,0.000000,0.000000,0.000000,0.000000,0.000000,0.000000,0.000000,0.000000,0.000000,0.000000,0.000000,0.000000,0.000000
DEMO_0022,0.000000,0.999855,0.412191,0.216074,0.000000,0.895718,0.619566,1.182508,0.000000,0.747578,0.000000,0.000000,1.642829,0.000000,0.000000,0.000000,0.817315,0.584598,1.143373,0.466717,0.934506,0.547525,0.322851,0.352559,0.574166,0.000000,0.000000,1.988432,1.162621,0.000000,0.000000,1.017070,0.170051,0.396865,1.236877,0.341024,1.111256,1.102396,2.624299,0.677868,0.000000,0.000000,0.491016,1.340311,0.645447,0.000000,0.000000,0.471747,0.000000,0.429502,0.935196,1.027695,0.616498,1.374720,0.287101,1.428019,0.207639,0.000000,0.000000,0.414311,1.465549,0.620669,0.467346,0.976304,0.000000,0.814859,0.000000,0.000000,1.290283,0.000000,0.887934,0.515627,0.770241,2.279783,0.810660,0.615219,0.000000,0.000000,0.000000,1.954527,0.000000,0.000000,0.000000,0.000000,0.000000,0.000000,0.000000,0.000000,0.000000,0.000000,0.000000,0.000000,0.000000,0.000000,0.000000,0.000000,0.000000,0.000000,0.000000,0.000000
DEMO_0023,0.000000,0.000000,0.179910,0.000000,0.331938,0.876930,1.364304,0.000000,2.136879,0.000000,0.535494,0.666021,0.817579,0.000000,0.992463,0.000000,1.213510,2.404750,1.550669,0.000000,0.000000,0.000000,0.622246,0.000000,1.756944,1.259711,0.000000,0.000000,0.000000,0.939089,0.763526,2.088699,0.000000,1.518489,0.490067,0.910679,0.561645,1.526511,0.853310,0.000000,0.653833,0.000000,0.984154,0.651999,0.522376,0.000000,1.323499,0.287964,1.613566,0.359240,1.381113,0.000000,0.655308,0.000000,1.128394,0.000000,0.853371,0.167818,1.279342,0.000000,0.000000,0.799788,0.000000,1.261502,0.000000,0.661079,0.000000,0.000000,1.365437,0.000000,0.880910,0.698873,1.057351,0.960595,0.000000,0.000000,0.000000,0.751927,0.000000,0.000000,0.000000,0.000000,0.000000,0.000000,0.000000,0.000000,0.000000,0.685407,0.000000,0.000000,0.000000,0.000000,0.000000,0.000000,0.000000,0.000000,0.000000,0.000000,0.000000,0.000000
DEMO_0024,0.588905,0.000000,0.000000,0.941049,0.000000,0.000000,0.000000,0.558990,0.000000,0.925318,1.916451,0.791988,0.470440,0.851210,0.508430,1.094360,0.868677,0.808315,0.000000,0.000000,0.789748,1.854780,0.962502,1.702101,0.609346,0.939025,0.321202,0.521940,0.000000,0.000000,0.823858,0.963901,0.508985,0.410384,0.476657,0.355970,0.849024,1.359348,0.000000,0.000000,0.769985,0.000000,0.469413,0.558213,0.845321,0.000000,1.179458,1.804994,0.000000,0.000000,2.279790,1.058844,1.004053,1.134973,0.000000,0.683099,0.193206,0.000000,0.000000,0.000000,1.708137,1.097046,0.000000,1.378320,0.564088,1.459581,0.000000,1.256156,0.000000,0.371111,0.000000,0.474300,1.090472,1.090613,0.000000,0.752713,0.000000,1.312816,0.000000,0.000000,0.000000,0.000000,0.612485,0.737972,0.000000,0.000000,0.000000,0.000000,0.000000,0.000000,0.000000,0.000000,0.000000,0.000000,0.000000,1.078441,0.000000,0.000000,0.000000,0.000000
DEMO_0025,1.834481,1.136376,0.000000,1.684676,0.353867,1.153448,0.000000,0.000000,0.701196,1.456100,0.000000,0.870471,0.721454,1.139423,1.533613,1.906473,0.851184,0.000000,0.868455,0.000000,0.135840,0.795201,0.790323,0.000000,0.000000,0.000000,0.000000,0.253351,1.127605,0.000000,0.000000,0.736808,1.076412,0.968811,1.683809,1.071130,0.962886,0.381931,0.000000,0.000000,1.202842,0.000000,0.629310,0.860839,0.000000,0.000000,0.547091,1.015365,0.000000,1.070391,1.316723,0.975439,0.000000,0.258150,0.345219,1.239525,1.041365,0.000000,0.738418,1.047088,0.000000,0.000000,0.854225,0.000000,0.000000,0.000000,1.039615,0.000000,2.050029,0.826064,1.898230,1.673070,0.651891,0.873478,0.000000,1.044419,0.000000,0.000000,0.000000,0.000000,0.000000,0.000000,0.000000,0.000000,0.000000,0.000000,0.000000,0.000000,0.000000,0.000000,0.000000,0.000000,0.000000,0.000000,0.000000,0.000000,0.000000,0.000000,0.000000,0.000000
DEMO_0026,0.664906,0.000000,0.952138,1.589849,0.000000,0.000000,0.000000,0.777105,0.000000,0.440113,0.000000,0.518297,2.151349,0.000000,0.307703,0.000000,0.857287,0.900110,0.000000,1.137107,0.000000,0.000000,1.990683,0.000000,0.000000,0.914724,1.145680,0.464039,0.481666,0.000000,0.638717,1.374660,1.297804,1.517948,0.143746,0.962468,1.103531,0.515092,0.000000,0.493225,1.549997,0.000000,0.000000,0.246993,1.818138,0.114555,0.000000,0.000000,1.777420,0.305084,1.010182,1.827017,0.000000,0.463135,2.121783,1.416216,0.630853,0.000000,2.127957,1.519693,0.000000,0.000000,0.000000,0.545136,0.000000,0.000000,0.247394,0.000000,1.572697,0.421177,0.434806,0.000000,0.790710,0.000000,0.202899,0.000000,0.000000,0.000000,0.000000,0.000000,0.000000,0.000000,0.000000,0.000000,0.000000,0.000000,0.000000,0.000000,0.000000,0.000000,0.000000,0.000000,0.000000,0.000000,0.000000,0.000000,0.000000,0.000000,0.000000,0.172264
DEMO_0027,0.000000,0.000000,0.000000,0.719082,0.000000,0.000000,0.000000,0.000000,0.628539,0.348425,0.822684,0.749075,0.795925,0.000000,0.624707,0.511858,1.099134,0.484453,0.558299,1.021705,0.673479,1.605045,0.000000,1.145735,0.437528,0.000000,0.000000,0.762513,0.000000,0.000000,0.520759,1.106779,0.000000,1.319949,0.931536,1.568487,0.000000,0.314659,0.000000,0.000000,0.000000,0.000000,0.806754,0.000000,0.000000,0.000000,0.000000,0.527230,1.134679,0.791382,0.000000,0.710621,0.973264,0.000000,0.462916,0.753028,1.491546,2.290461,0.333888,0.489626,0.603870,1.881550,0.000000,0.000000,0.000000,1.728518,1.693780,0.438035,1.091409,1.295216,1.170156,2.704941,0.179652,0.000000,0.592958,1.248999,0.000000,1.300123,0.894135,0.000000,0.000000,0.000000,0.000000,0.000000,0.000000,0.000000,0.000000,0.000000,0.000000,0.000000,0.000000,0.000000,0.000000,0.000000,0.000000,0.000000,0.000000,0.000000,0.000000,0.000000
DEMO_0028,0.000000,2.058780,1.330828,0.734015,0.000000,1.622797,1.162400,0.000000,0.863739,0.591833,0.000000,0.707640,0.950487,0.862187,0.812860,0.408636,0.353399,1.271179,0.563576,0.000000,1.590339,1.165875,0.000000,0.718010,0.000000,0.000000,1.898430,1.787277,1.269044,0.000000,0.000000,0.463638,1.768349,0.703827,0.713675,1.002286,0.000000,0.000000,0.000000,1.128882,0.941981,2.264571,0.000000,0.000000,0.000000,0.000000,0.878114,0.643337,1.087253,1.150896,0.091670,0.000000,0.350221,0.652062,0.228278,1.408576,0.500117,0.572192,0.000000,0.000000,0.000000,0.868015,0.624106,0.000000,0.000000,0.000000,0.600551,0.383636,0.000000,0.000000,1.645343,1.495497,0.000000,1.160714,0.000000,0.789562,0.000000,0.000000,1.179214,0.000000,0.000000,0.000000,0.000000,0.000000,0.000000,0.000000,0.000000,0.000000,0.000000,0.000000,0.000000,0.000000,0.000000,0.000000,0.000000,0.000000,0.000000,0.000000,0.000000,0.000000
DEMO_0029,0.000000,0.000000,1.370834,0.000000,0.000000,2.597279,1.444473,0.000000,0.922440,0.000000,0.000000,0.700145,0.000000,1.176001,0.000000,0.000000,0.000000,1.321017,0.338286,0.795721,0.000000,0.000000,0.341869,0.000000,0.000000,0.000000,0.000000,0.000000,0.468549,0.000000,0.806759,0.857918,0.699890,0.803152,0.000000,1.180697,1.497996,0.000000,0.000000,1.142414,0.000000,0.000000,0.000000,0.000000,0.000000,0.949260,0.911337,0.829381,0.000000,0.959130,0.000000,0.579361,0.000000,0.000000,0.740719,0.700893,2.118923,0.907584,0.000000,0.190384,0.000000,0.000000,1.030306,0.479862,0.000000,1.288285,0.611825,0.714915,1.323379,0.000000,0.537121,1.415589,0.470619,1.275320,2.583119,1.134836,0.000000,0.000000,1.745864,1.772273,0.000000,0.000000,0.000000,0.000000,0.000000,0.000000,0.000000,0.000000,0.000000,0.000000,0.000000,0.000000,0.000000,0.000000,0.000000,0.000000,0.000000,0.000000,0.000000,0.000000
DEMO_0030,0.000000,0.623418,0.000000,0.000000,0.000000,0.000000,0.000000,1.382377,0.929601,0.466505,0.000000,1.826841,0.741909,0.000000,0.729385,1.764041,1.782447,0.871188,0.491736,0.000000,0.000000,0.000000,0.000000,0.000000,0.500119,0.615278,0.000000,0.636801,2.262109,0.939339,0.624482,1.266313,0.487302,0.380303,0.000000,0.000000,0.536369,1.168052,0.000000,1.493695,0.636567,0.000000,0.000000,0.000000,0.000000,0.783163,0.891110,0.409634,0.000000,0.000000,1.231609,2.152481,0.844848,1.099245,0.988970,1.070058,0.983963,0.000000,0.000000,0.991059,0.000000,0.000000,0.000000,0.289545,0.000000,0.000000,0.898453,0.393655,0.403412,0.843882,0.678435,0.768321,0.430878,0.000000,2.804224,0.879665,0.000000,0.000000,0.983494,0.000000,0.000000,0.000000,0.000000,0.000000,0.000000,0.000000,0.000000,0.000000,0.000000,0.698435,0.000000,0.000000,0.000000,0.000000,0.000000,0.000000,0.000000,0.509668,0.000000,0.000000
DEMO_0031,1.726775,0.478295,0.000000,1.750541,0.000000,0.000000,0.000000,0.000000,0.716448,0.000000,1.168903,2.026555,0.248704,1.617784,0.000000,0.143451,0.612761,0.426264,0.000000,0.000000,0.000000,0.986437,0.820750,0.000000,0.000000,0.000000,1.576697,1.057231,0.000000,1.327923,1.033999,0.000000,1.335071,0.690315,0.000000,1.060946,0.777347,0.723421,0.987437,0.000000,0.000000,0.000000,0.000000,0.000000,0.751451,0.000000,0.000000,1.280919,1.019812,0.000000,0.419951,1.270211,0.487265,1.648406,0.900535,1.284049,1.010217,1.084772,0.000000,0.000000,1.057748,0.000000,0.000000,0.000000,0.000000,1.044283,0.387341,0.530277,0.668293,1.530861,1.099836,0.000000,0.882918,1.503874,0.930441,2.125809,0.000000,0.000000,0.533174,1.332429,0.000000,0.000000,0.000000,0.000000,0.000000,0.000000,0.000000,0.000000,0.000000,0.000000,0.000000,0.899474,0.000000,0.000000,0.000000,0.000000,0.000000,0.000000,0.000000,0.000000
DEMO_0032,1.671615,0.000000,1.174130,1.696830,0.000000,0.603489,0.000000,1.218496,0.000000,1.508889,0.000000,0.910596,0.000000,1.288300,0.000000,0.887164,0.591032,0.000000,0.000000,0.000000,0.000000,1.370415,0.567969,0.753195,0.477526,0.000000,0.720337,1.173768,0.688869,1.344645,0.756068,0.313340,0.000000,1.074403,1.449965,0.114358,1.123835,1.892062,0.000000,1.576394,0.315280,0.000000,1.343013,0.000000,0.000000,0.000000,0.000000,0.000000,0.000000,0.000000,1.215207,1.070806,0.000000,0.000000,0.000000,0.567300,2.313153,0.000000,0.000000,1.076167,0.000000,0.842898,0.000000,0.306408,0.341549,0.727745,0.782589,0.212684,1.270060,0.000000,1.164211,0.694289,0.000000,0.421229,2.193441,1.221544,1.699398,0.000000,0.000000,0.000000,0.000000,0.000000,0.000000,0.000000,0.000000,0.000000,0.000000,0.000000,0.000000,0.000000,0.000000,0.000000,0.000000,0.000000,0.000000,0.000000,0.000000,0.000000,0.000000,0.000000
DEMO_0033,0.000000,0.000000,0.000000,1.533866,1.057310,0.000000,0.000000,0.693808,0.000000,1.386759,1.543053,0.869358,1.503669,0.403229,1.690509,0.000000,0.533134,0.000000,0.000000,0.000000,0.000000,0.764357,1.024913,0.342395,0.349142,1.206710,1.056330,0.000000,1.576983,0.000000,0.881765,0.000000,0.474852,0.594348,0.634120,1.551576,0.684026,1.867217,0.000000,0.000000,0.555475,0.635416,0.000000,0.000000,1.528953,0.892580,0.000000,1.992850,0.000000,0.000000,1.894741,0.296102,0.669559,0.000000,1.251807,1.074540,0.439771,0.725887,0.000000,1.697838,0.000000,0.000000,0.507686,0.765205,0.000000,0.000000,2.100603,0.726642,0.000000,0.455370,0.000000,0.971236,1.059454,1.234084,0.313225,0.673203,0.640315,0.000000,0.000000,0.595666,0.000000,0.000000,0.000000,0.000000,0.000000,0.000000,0.000000,0.000000,0.000000,0.393100,0.000000,0.000000,0.000000,0.000000,0.000000,0.000000,0.000000,0.000000,0.000000,0.000000
DEMO_0034,0.000000,0.000000,2.248393,0.753825,0.000000,0.000000,1.043637,0.000000,0.624161,1.715959,1.148940,0.000000,1.188516,0.776229,1.063561,0.716844,1.241420,0.301472,1.124764,0.289472,0.000000,0.000000,0.292070,0.000000,0.224793,0.747688,1.799531,0.842679,1.024485,0.215032,0.000000,0.124140,0.473878,1.079564,0.768458,0.129368,0.297798,0.471229,0.000000,1.026629,0.388838,0.213791,0.132151,0.719436,0.766676,0.000000,0.000000,0.206525,1.172129,1.078616,0.809278,0.271148,0.158254,0.959877,0.479017,0.559958,1.079200,0.206795,0.556315,0.000000,1.804334,0.604220,2.179052,0.000000,0.000000,0.000000,0.888219,1.040126,0.429457,1.650817,0.880598,1.095917,0.000000,1.160841,1.619140,1.126810,0.000000,1.564360,0.175751,0.000000,0.000000,0.000000,0.000000,0.000000,0.000000,0.000000,0.000000,0.000000,0.000000,0.000000,0.000000,0.000000,0.000000,0.000000,0.000000,0.000000,0.000000,0.000000,0.000000,0.000000
DEMO_0035,1.035242,0.951091,0.000000,0.000000,0.399275,0.000000,0.000000,1.390724,0.440992,2.424639,0.000000,0.844873,1.626575,0.000000,0.321140,0.000000,0.113190,0.977909,1.414827,0.000000,0.634941,0.000000,0.723910,0.000000,1.384774,0.000000,1.015696,0.200621,0.620759,0.000000,0.907175,0.000000,0.774408,0.436602,0.177710,0.000000,0.904549,2.000658,1.215021,0.815543,0.000000,0.000000,2.112358,0.472230,2.820414,0.680884,0.000000,0.854602,0.713554,0.723254,0.000000,0.000000,0.264768,0.298792,1.080660,1.320535,0.580182,0.000000,0.250166,0.000000,0.345432,0.593625,0.535124,0.706318,0.000000,0.000000,0.000000,0.097409,0.325309,1.174035,0.602245,1.496464,0.808618,0.000000,0.000000,0.178201,0.000000,0.644949,1.119022,0.000000,0.000000,0.000000,0.000000,0.000000,0.000000,0.000000,0.000000,0.000000,0.000000,0.000000,0.000000,0.000000,0.000000,0.000000,0.000000,0.000000,0.000000,0.000000,0.000000,0.000000
DEMO_0036,0.000000,1.461588,0.000000,0.512979,0.692182,0.869816,1.179804,1.506445,1.397025,0.746190,0.000000,0.000000,1.265813,1.021655,0.000000,0.453888,0.000000,0.760327,0.000000,0.000000,0.000000,1.168532,0.838773,0.000000,1.556158,0.782848,0.779741,1.228486,0.711426,0.617924,0.000000,0.477851,1.078105,0.460310,0.751606,0.703548,0.000000,0.894886,1.922800,0.000000,0.000000,0.000000,0.822963,0.000000,1.851518,0.000000,1.229403,0.000000,0.922964,0.583809,0.000000,0.516833,0.744890,1.793980,0.000000,0.797118,1.193551,0.000000,0.000000,0.000000,1.263109,0.000000,0.673084,1.541040,0.000000,0.000000,0.000000,0.627759,0.000000,1.496313,0.000000,1.795026,1.548253,1.422916,0.000000,1.196646,0.000000,0.891934,0.000000,1.209171,0.000000,0.000000,0.000000,0.000000,0.000000,0.000000,0.000000,0.000000,0.000000,0.000000,0.000000,0.000000,0.000000,0.000000,0.000000,0.000000,0.000000,0.000000,0.000000,0.000000
DEMO_0037,1.025266,0.452687,0.560102,0.000000,0.000000,1.961854,0.000000,0.456598,0.000000,1.051417,1.328418,1.071252,0.471518,0.834016,0.528640,1.043441,0.000000,1.286103,0.670740,0.326865,0.000000,0.000000,0.803208,0.724193,0.714883,0.729947,1.037675,1.324236,0.000000,0.000000,2.938508,1.280287,0.816307,0.528971,0.925206,1.217233,0.748747,0.277852,0.000000,0.601787,0.655157,0.000000,0.000000,0.000000,1.409743,0.000000,0.613816,0.717274,1.072434,0.000000,0.647538,0.361452,0.382322,0.000000,0.000000,0.761738,0.000000,2.074730,0.000000,0.000000,0.936032,0.000000,0.481524,0.000000,1.313188,0.000000,0.274934,1.203442,0.723062,0.763594,0.320023,1.106748,0.699070,0.092544,0.408749,0.627306,1.621251,0.000000,0.000000,0.786082,0.000000,0.000000,0.000000,0.000000,0.000000,0.000000,0.000000,0.000000,0.000000,0.000000,0.000000,0.000000,0.000000,0.000000,0.000000,0.000000,0.000000,0.000000,0.000000,0.000000
DEMO_0038,0.000000,0.000000,0.000000,0.595626,0.314643,0.695221,0.669908,0.000000,0.979030,0.000000,1.542760,0.000000,0.758023,1.905691,0.161133,0.706047,0.000000,1.966621,1.289289,0.000000,0.000000,0.000000,0.804083,1.629673,0.484813,0.000000,0.841553,0.743957,0.000000,0.641561,0.587965,1.438278,0.453630,1.425014,0.665548,0.511644,0.811960,0.378814,0.000000,0.000000,0.646291,0.844646,0.359935,0.987561,0.000000,0.898409,0.000000,0.849076,0.741927,0.000000,1.307795,0.743182,1.006577,0.000000,1.233691,1.790725,0.946848,0.000000,0.000000,1.090947,0.000000,0.000000,0.600259,1.402259,0.000000,0.492191,2.258768,0.000000,0.943153,1.882377,0.274536,0.000000,0.348304,0.000000,1.161779,1.717606,0.000000,0.000000,0.000000,0.218658,0.000000,0.000000,0.489753,0.669620,0.000000,0.000000,0.000000,0.000000,0.000000,0.000000,0.000000,0.000000,0.000000,0.000000,0.000000,0.000000,0.000000,0.000000,0.000000,0.000000
DEMO_0039,0.000000,0.590198,0.000000,0.000000,0.777564,1.961691,2.292994,0.502980,1.904521,0.000000,0.000000,1.542852,1.082977,0.000000,0.727781,0.000000,0.000000,0.513510,0.337117,0.671996,0.000000,0.528464,0.810725,0.000000,0.899366,1.281722,0.401313,0.253665,2.619939,1.520695,0.000000,0.586048,1.380722,1.290179,1.088267,1.100063,0.696806,0.484027,0.000000,0.960540,0.000000,0.000000,0.310436,0.000000,1.045769,1.175575,0.512643,0.665179,0.556549,0.694997,0.755396,0.991824,0.669616,0.000000,0.000000,0.000000,1.098676,1.563834,0.000000,0.000000,0.804791,0.000000,0.000000,0.550251,0.535026,1.184957,1.834789,0.000000,0.561920,0.000000,0.647576,0.000000,0.751669,0.000000,0.380517,0.299655,0.000000,0.000000,0.000000,0.000000,0.000000,0.000000,0.000000,0.000000,0.000000,0.000000,0.000000,0.000000,0.000000,0.000000,0.000000,0.000000,0.000000,0.000000,0.000000,0.000000,0.000000,0.000000,0.000000,0.000000
DEMO_0040,0.000000,0.000000,1.390419,0.000000,0.000000,0.000000,1.411193,1.492304,1.557662,0.000000,0.641305,0.000000,0.000000,0.000000,1.973222,0.495461,0.000000,1.153693,0.991494,0.000000,0.000000,0.000000,0.703222,1.084348,0.880403,0.000000,0.485507,0.000000,0.591108,1.338183,0.455320,1.120199,0.109940,1.098265,0.591255,1.201163,0.917630,0.000000,1.228829,0.916078,1.160453,0.684609,0.000000,0.740727,0.855245,0.000000,0.000000,0.952581,1.124518,0.000000,1.430714,0.249485,1.967976,1.122268,0.000000,2.535961,0.000000,0.598964,1.127256,0.000000,0.982707,0.000000,0.000000,0.303789,0.000000,0.000000,0.173636,0.000000,0.000000,1.146177,0.000000,0.941878,0.000000,0.882874,1.917448,0.941373,0.000000,0.000000,0.000000,1.237116,0.000000,0.000000,0.000000,0.000000,0.000000,0.000000,0.000000,0.000000,0.000000,0.000000,0.000000,0.000000,0.000000,0.000000,0.000000,0.000000,0.000000,0.000000,0.382805,0.000000
DEMO_0041,0.000000,1.579137,0.989712,0.000000,0.000000,0.000000,0.919916,0.444425,0.000000,0.000000,0.579212,1.955678,1.127326,0.775755,0.628513,0.000000,0.523366,1.115345,0.790894,0.000000,1.792147,0.000000,0.000000,0.755309,0.791743,0.000000,1.854245,0.335457,0.000000,0.714339,1.949213,0.000000,0.000000,2.388706,0.000000,0.758123,0.827487,0.982378,0.000000,0.000000,0.000000,0.594717,0.867123,0.295751,0.000000,0.000000,0.000000,0.000000,0.000000,0.809751,0.230477,0.956128,1.739920,0.309561,0.790481,1.349436,0.705868,0.000000,0.692726,0.000000,0.000000,0.000000,0.860297,0.000000,0.872155,0.472709,0.000000,1.107988,1.633489,1.827820,0.745620,1.974823,0.000000,1.117598,0.854892,0.000000,0.000000,0.000000,0.000000,0.711003,0.000000,0.000000,0.000000,0.000000,0.000000,0.000000,0.000000,0.000000,0.000000,0.000000,0.000000,0.000000,0.000000,0.000000,0.000000,0.000000,0.000000,0.000000,0.000000,0.000000
DEMO_0042,0.816546,0.884048,0.000000,0.000000,0.000000,0.000000,0.668470,2.098942,0.438010,0.000000,0.712019,1.509414,0.510273,0.989367,0.621740,1.349643,0.408487,0.000000,1.103830,1.219940,1.609408,2.386181,0.000000,0.000000,0.000000,0.000000,0.000000,0.000000,0.511896,1.127526,0.515837,1.878818,0.629994,1.508392,0.443322,0.986066,0.532654,0.327679,0.000000,0.000000,1.002899,0.279762,1.166451,0.000000,0.681321,0.684923,0.000000,0.263454,1.378341,1.167093,1.083001,0.000000,0.441505,0.000000,0.566609,0.000000,0.000000,0.774331,0.654455,0.657996,0.963261,0.385162,0.926358,1.161582,1.288455,0.000000,0.000000,2.126635,1.500888,0.426955,0.000000,0.000000,0.212430,1.097579,0.572510,0.000000,0.000000,0.990964,0.000000,0.000000,0.000000,0.000000,0.000000,0.000000,0.000000,0.000000,0.000000,0.000000,0.000000,0.000000,0.000000,0.000000,0.000000,0.000000,0.000000,0.000000,0.000000,0.000000,0.000000,0.000000
DEMO_0043,0.000000,0.874625,0.000000,0.000000,0.338912,2.191609,0.000000,0.777719,0.000000,1.947797,0.606971,0.969722,0.000000,0.000000,1.329811,0.803562,1.947726,1.473731,1.140327,1.119489,1.171561,1.069576,1.320531,0.000000,0.527083,0.000000,0.474855,0.960231,1.103973,0.998377,1.607961,0.000000,1.044894,0.566876,1.018471,0.206140,0.294482,0.914041,0.000000,0.750047,0.000000,0.000000,2.025969,0.821084,0.000000,0.000000,1.126864,1.124193,0.000000,0.000000,0.508086,0.000000,0.000000,0.166925,0.995531,0.000000,0.792888,0.000000,0.000000,0.545352,0.000000,0.645451,0.625116,0.968015,0.841180,0.000000,0.000000,1.525595,0.000000,0.224334,1.219486,0.456542,0.440550,1.779595,0.000000,0.732818,0.000000,0.000000,0.000000,0.000000,0.000000,0.000000,0.000000,0.000000,0.000000,0.000000,0.000000,0.000000,0.000000,0.000000,0.000000,0.000000,0.000000,0.000000,0.145924,0.000000,0.000000,1.425165,0.000000,0.000000
DEMO_0044,0.000000,1.893590,0.000000,1.336927,0.000000,0.298158,0.000000,0.298592,2.045903,0.000000,0.454954,0.185966,1.190618,0.285911,0.000000,0.690715,0.574187,0.000000,1.209755,0.000000,0.976380,0.000000,0.709887,1.517895,0.000000,0.000000,0.642272,1.875625,1.323270,0.000000,0.405458,0.890757,0.000000,1.341206,0.956376,0.831238,1.722827,0.621757,0.000000,0.000000,0.000000,1.626454,1.036579,0.000000,1.794696,0.966606,0.216488,0.853935,0.520519,1.222636,0.224224,0.000000,0.000000,0.868782,1.791541,0.637926,0.666625,0.000000,0.959395,0.000000,0.815920,0.472003,0.388006,2.022660,1.238405,0.000000,0.000000,0.296094,0.000000,0.274811,0.000000,0.000000,0.584812,0.705588,0.769555,1.909168,0.000000,0.000000,0.000000,0.000000,0.000000,0.000000,0.000000,0.000000,0.000000,0.000000,0.000000,0.000000,0.000000,0.000000,0.000000,0.000000,0.000000,0.000000,0.000000,0.000000,0.000000,0.000000,0.000000,0.000000
DEMO_0045,0.000000,0.000000,0.743781,0.677170,0.000000,0.964196,0.780386,0.000000,0.000000,0.000000,0.944935,0.000000,0.880002,1.687240,0.317865,0.000000,0.674712,1.266644,1.102078,0.222133,1.118683,1.301878,0.000000,2.763164,0.833154,0.000000,0.000000,0.000000,0.000000,1.112888,1.059750,0.712048,0.887234,1.353323,0.546880,1.350348,0.768880,0.587522,0.000000,0.681550,0.000000,1.410310,0.000000,0.423725,1.671214,0.758782,0.964391,0.581594,0.649237,0.701892,1.181725,0.145407,0.913105,0.000000,0.884786,0.000000,0.000000,0.000000,0.000000,0.000000,0.920112,0.000000,0.924245,0.000000,1.644066,0.972401,0.393821,0.844167,1.104984,0.170960,0.000000,0.000000,1.299575,0.735121,0.877623,0.369292,0.772543,1.505285,1.296783,0.000000,0.000000,0.000000,0.000000,0.000000,0.000000,0.000000,0.000000,0.000000,0.310203,0.000000,0.000000,0.000000,0.000000,0.000000,0.000000,0.000000,0.000000,0.000000,0.000000,0.000000
DEMO_0046,0.496642,0.000000,0.760672,0.000000,0.000000,0.000000,0.502255,0.758451,0.267274,0.679315,1.856140,0.456730,1.180486,0.000000,0.000000,0.296807,1.276550,1.134846,1.130403,0.139859,0.000000,0.339122,0.000000,0.360535,0.000000,0.000000,0.947856,0.000000,0.000000,0.640059,1.154009,1.132714,2.955532,0.623732,0.318332,0.000000,0.382628,0.228461,0.423840,0.000000,1.369376,0.795923,0.000000,0.000000,0.000000,1.066420,1.442814,0.000000,0.000000,0.000000,1.159352,1.908457,0.169964,0.802431,0.690838,0.000000,0.639403,2.262516,0.000000,1.573761,0.000000,0.635821,1.012683,0.817680,1.158715,0.000000,0.000000,1.275726,0.000000,1.368154,0.000000,0.934326,0.452442,0.561717,0.353743,1.237964,0.404770,0.428471,0.000000,0.000000,0.000000,0.000000,0.000000,0.000000,0.000000,0.000000,0.000000,0.000000,0.000000,0.000000,0.000000,0.000000,0.000000,0.000000,0.000000,0.000000,0.000000,0.000000,0.000000,0.000000
DEMO_0047,0.000000,0.000000,1.150401,0.155996,0.000000,1.033125,1.020041,0.000000,0.000000,0.000000,0.959201,1.268021,0.282713,1.030057,0.700980,0.000000,1.219302,0.334635,1.834431,0.000000,0.000000,0.884143,0.000000,0.000000,1.022924,0.000000,0.000000,0.000000,0.744584,0.829028,0.000000,0.342976,0.000000,0.921838,0.682003,1.204243,0.000000,0.000000,0.000000,2.156905,0.000000,1.266267,0.416328,0.621467,1.009736,0.544492,1.028586,1.232160,0.808717,1.237721,0.000000,0.000000,0.381457,0.513654,2.322107,1.760896,0.000000,0.000000,1.039878,0.000000,0.000000,0.984755,0.000000,1.106505,0.000000,0.000000,0.000000,0.000000,1.292190,1.526419,0.000000,1.152451,1.323753,1.701291,0.715984,1.609269,1.362990,0.000000,0.000000,0.980616,0.000000,0.000000,0.000000,0.000000,0.000000,0.000000,0.000000,0.000000,0.000000,0.000000,0.000000,0.000000,0.000000,0.000000,0.000000,0.000000,0.000000,0.000000,0.000000,0.000000
DEMO_0048,0.000000,0.000000,0.848618,0.000000,1.050933,0.615941,1.328084,0.000000,0.000000,0.668895,0.310329,0.000000,2.215996,0.707006,1.034869,0.625225,0.000000,0.822836,0.182722,0.591023,0.000000,0.000000,1.359043,0.000000,0.000000,0.281728,0.000000,0.915502,0.701220,1.994162,0.764793,0.091277,0.978628,1.497410,0.000000,0.000000,0.000000,0.947089,0.000000,1.269155,0.000000,1.328139,0.154826,1.984337,0.000000,0.973486,0.931962,0.190977,1.264513,0.288308,0.371565,1.691050,0.097258,0.462470,0.760531,1.199510,0.000000,0.000000,0.953297,0.000000,0.320709,0.539151,0.000000,0.580941,1.030384,0.346677,1.754093,1.600097,1.307602,1.426196,0.000000,1.303072,0.000000,0.290647,0.715823,0.795895,0.000000,0.000000,1.456540,0.487696,0.000000,0.000000,0.000000,0.000000,0.000000,0.000000,0.000000,0.000000,0.000000,0.000000,0.000000,0.000000,0.748330,0.000000,0.000000,0.000000,0.000000,0.000000,0.000000,0.000000
DEMO_0049,0.000000,0.000000,0.696946,1.703818,1.265973,0.000000,0.000000,0.278959,1.216152,1.217532,2.383372,0.951004,0.000000,1.291662,0.000000,1.199366,0.500542,1.788754,1.064261,0.459360,0.000000,1.267376,0.000000,0.295107,0.000000,0.000000,0.767793,0.000000,0.000000,0.535877,0.663140,1.479504,1.381516,0.000000,0.000000,0.564196,0.576800,0.757895,0.000000,0.000000,1.036343,0.887980,0.000000,0.000000,0.000000,0.898570,0.468940,0.000000,1.946428,0.000000,0.521419,0.930322,1.179252,0.000000,0.596244,0.795265,0.000000,0.000000,0.000000,0.458596,0.989093,0.000000,1.199677,0.444581,1.134750,1.471799,0.747477,0.841028,1.643709,0.424693,0.000000,0.000000,1.106694,0.677356,0.000000,1.053241,1.005734,0.929446,1.495191,0.395885,0.000000,0.000000,0.000000,0.000000,0.000000,0.000000,0.000000,0.000000,0.000000,0.000000,0.000000,0.000000,0.000000,0.000000,0.000000,0.000000,0.000000,0.000000,0.000000,0.000000
DEMO_0050,0.000000,0.000000,0.000000,0.368548,0.000000,0.000000,0.000000,0.000000,0.000000,0.651553,0.000000,0.960144,0.000000,0.253124,1.133116,0.981636,1.026893,0.848511,0.993187,1.029573,0.000000,0.000000,0.867832,0.954361,0.000000,0.688816,0.867102,1.460286,0.668098,1.402585,0.737938,0.000000,2.055213,0.613003,1.198210,0.314586,1.230632,0.636674,0.281150,0.000000,0.552579,0.854393,2.006437,0.000000,0.000000,0.000000,0.000000,2.538664,0.000000,0.727662,0.873335,1.631846,1.460401,0.929387,0.512301,1.384214,0.420584,0.000000,0.704532,0.000000,0.000000,0.000000,1.145854,0.246104,1.151811,0.729527,0.945229,0.000000,1.046330,0.764115,0.936584,0.969242,0.536820,0.000000,0.737423,0.320933,0.000000,1.748165,0.000000,0.891272,0.000000,0.000000,0.000000,0.000000,0.000000,0.000000,0.000000,0.000000,0.000000,0.000000,0.000000,0.000000,0.000000,0.000000,0.000000,0.000000,0.000000,0.000000,0.000000,0.000000
DEMO_0051,0.000000,0.541579,0.563277,0.000000,0.000000,0.366185,0.000000,0.000000,0.000000,0.000000,3.309758,0.000000,0.798078,0.000000,1.153461,0.451151,0.631175,0.656386,0.668747,0.000000,0.000000,0.000000,0.653248,0.671492,0.535562,0.000000,1.234012,1.385741,0.000000,0.000000,0.210727,1.493540,1.153105,0.000000,2.066712,0.186196,0.342258,0.289555,0.000000,0.000000,0.000000,0.000000,1.149815,0.834820,2.245674,0.000000,1.551859,0.464886,0.467506,0.230063,0.000000,0.439815,0.942964,0.253715,0.287719,0.353175,0.372957,0.618069,0.000000,0.199512,0.000000,1.114226,0.000000,0.563363,0.724447,0.822423,0.000000,0.812137,1.272040,0.000000,0.558954,0.463049,0.624542,1.633574,1.716887,0.000000,0.968158,0.000000,0.000000,0.000000,0.000000,0.000000,0.000000,0.000000,0.000000,0.000000,0.000000,0.000000,0.000000,0.000000,0.000000,0.000000,0.000000,0.000000,0.000000,0.000000,0.000000,0.000000,0.000000,0.000000
DEMO_0052,0.000000,0.000000,0.000000,0.000000,0.000000,0.000000,0.000000,0.000000,0.000000,1.666883,1.005092,0.000000,1.523718,0.732654,0.926224,0.414660,0.808089,0.878006,0.601037,0.000000,0.180137,1.829528,0.000000,0.000000,0.000000,0.741713,0.668876,0.000000,1.670192,2.049029,0.000000,1.081768,0.476980,1.464664,0.851254,0.000000,0.865872,0.954015,0.000000,0.421647,0.831607,0.717924,1.180702,0.000000,1.607828,0.243898,0.000000,0.461109,0.310061,1.874027,1.534019,1.659652,1.721429,0.507617,1.158306,0.627946,0.857800,1.370968,1.058157,0.000000,0.000000,0.000000,0.883799,0.000000,0.000000,0.000000,1.289539,1.366248,0.302402,0.000000,0.734642,1.428508,0.911035,0.000000,0.301984,0.328965,1.002033,0.698136,0.000000,0.000000,0.000000,0.000000,0.000000,0.000000,0.000000,0.000000,0.000000,0.000000,0.000000,0.000000,0.000000,0.000000,0.000000,0.000000,0.218064,0.000000,0.000000,0.000000,0.000000,0.000000
DEMO_0053,0.659207,0.000000,0.000000,0.000000,0.000000,0.000000,1.685756,0.772534,0.998318,0.667942,0.601407,1.147631,1.099648,0.501282,0.000000,0.782752,1.396471,0.757284,0.225654,0.346834,0.000000,0.000000,0.000000,0.000000,1.437245,0.995898,0.000000,0.462124,0.737976,0.000000,0.585129,0.000000,1.125520,0.898721,0.000000,0.853003,0.658722,0.950896,0.000000,0.000000,0.000000,0.000000,0.000000,0.804645,0.130718,0.233302,0.000000,2.746501,0.615686,0.000000,3.076808,0.756016,0.000000,1.689375,0.493467,0.867338,0.774544,1.309680,0.000000,1.157999,0.000000,0.682017,0.580503,0.000000,0.000000,0.680078,0.283383,0.000000,0.199978,0.466007,0.347640,1.120776,0.497475,0.530015,0.659686,0.307735,0.721643,0.000000,0.828693,0.000000,0.000000,0.000000,0.000000,0.000000,0.000000,0.000000,0.000000,0.000000,0.000000,0.000000,0.973708,0.000000,0.000000,0.000000,0.000000,0.000000,0.000000,0.000000,0.000000,0.000000
DEMO_0054,0.000000,0.591111,0.377237,0.000000,0.428663,0.000000,0.000000,1.109326,0.000000,1.335828,0.000000,0.259422,0.000000,1.449768,1.470999,1.631765,1.354726,0.842004,0.000000,0.000000,1.230824,0.000000,0.000000,0.000000,0.000000,0.000000,2.456737,2.589956,0.489192,0.000000,0.000000,0.540023,0.000000,0.000000,1.226419,1.361531,0.705009,0.490125,0.906436,0.000000,1.798158,0.000000,0.000000,0.000000,0.245084,1.089085,1.081219,0.447968,0.000000,0.000000,0.000000,0.000000,1.886410,0.000000,0.554972,0.929444,0.746932,0.000000,0.830205,0.000000,1.201671,0.000000,0.548659,0.000000,0.000000,0.738291,0.690863,0.811516,0.000000,0.717555,1.783683,0.977203,1.387856,0.245380,0.529001,1.545603,0.756677,0.000000,0.000000,0.000000,0.000000,0.000000,0.000000,0.000000,0.000000,0.000000,0.000000,0.000000,0.000000,0.000000,0.000000,0.000000,0.000000,0.000000,0.000000,0.000000,0.000000,0.000000,0.000000,0.000000
DEMO_0055,0.000000,0.000000,0.000000,1.119826,1.574902,0.000000,0.000000,0.000000,1.176629,0.516004,0.000000,0.000000,1.110963,0.000000,1.322627,0.484714,0.734302,3.113173,0.635034,1.071322,0.000000,0.433095,0.000000,0.000000,0.000000,0.000000,0.754722,0.322279,0.000000,0.000000,1.267703,1.356248,0.000000,0.806553,1.343560,0.827435,0.293426,0.375682,0.190627,0.000000,0.282009,0.521694,0.000000,2.070881,0.747368,0.000000,0.145044,0.000000,0.261231,0.439989,0.964742,0.665075,0.862230,1.086647,1.035357,0.000000,1.207039,0.819418,0.000000,0.592081,0.000000,0.000000,0.868764,1.086406,1.400418,0.000000,1.693127,0.223542,0.894684,0.586656,0.000000,1.886432,0.000000,1.068273,0.989282,0.198404,0.000000,0.000000,0.000000,0.341409,0.000000,0.000000,0.000000,0.000000,0.000000,0.000000,0.000000,0.491448,0.000000,0.000000,0.000000,0.436376,0.000000,0.000000,0.000000,0.000000,0.000000,0.000000,0.000000,0.000000
DEMO_0056,0.000000,0.000000,0.000000,0.911081,0.000000,1.400595,0.000000,0.258150,1.052935,0.000000,1.789336,0.000000,0.000000,0.954797,1.438090,1.392732,0.551946,0.856615,1.119495,0.000000,0.000000,0.784305,0.000000,0.594001,0.000000,0.000000,0.000000,0.000000,0.763666,0.000000,1.806264,0.571923,1.793583,0.880373,0.000000,1.119900,0.000000,0.908969,0.000000,0.657624,1.123335,0.680529,0.881488,0.000000,1.872040,0.000000,0.630938,0.000000,0.955203,0.000000,1.769422,0.693774,0.000000,1.922588,0.000000,0.868838,1.063291,0.000000,2.017949,0.000000,0.000000,1.638246,1.228450,0.000000,0.944398,0.669177,1.227115,0.531832,1.083903,0.000000,0.334319,1.004929,0.000000,0.542799,0.000000,1.557215,0.000000,0.000000,0.000000,0.995176,0.000000,0.000000,0.000000,0.000000,0.000000,0.000000,0.000000,0.000000,0.000000,0.000000,0.000000,0.000000,0.000000,0.000000,0.000000,0.000000,0.000000,0.000000,0.000000,0.000000
DEMO_0057,0.000000,0.000000,0.000000,0.000000,0.000000,0.000000,0.000000,0.000000,0.196505,0.000000,1.691637,0.000000,0.440566,1.351709,0.000000,2.438683,1.441021,0.000000,0.793207,0.000000,0.000000,0.000000,0.000000,0.000000,0.000000,0.797181,0.985721,0.000000,0.000000,1.453530,0.812389,0.000000,1.521100,1.614572,1.658571,0.000000,1.054304,0.750303,0.761923,0.000000,0.000000,0.000000,0.000000,0.976932,0.000000,0.881116,0.000000,1.095494,1.365500,0.620544,0.000000,0.000000,1.623559,1.577191,0.750477,1.825521,0.468315,1.121703,0.000000,0.000000,0.000000,2.039137,0.000000,0.812208,0.385336,0.000000,0.830977,0.817542,1.835120,0.346627,0.000000,0.658114,1.161015,1.309297,1.676354,0.000000,0.000000,0.441256,0.412079,0.000000,0.000000,0.000000,0.000000,0.000000,0.000000,0.000000,0.000000,0.000000,0.000000,0.000000,0.000000,0.000000,0.000000,0.000000,0.000000,0.000000,0.000000,0.000000,0.000000,0.000000
DEMO_0058,0.000000,0.000000,0.589106,0.000000,2.147417,0.000000,0.000000,0.000000,1.666471,1.299877,0.977922,0.284894,1.892964,0.000000,0.000000,0.654327,0.896650,1.069708,0.000000,0.000000,0.000000,0.294569,0.000000,0.000000,0.924714,0.000000,1.812574,1.034424,1.210300,0.309329,0.390978,1.192159,0.447124,0.000000,0.000000,0.000000,1.144347,0.588565,0.000000,1.328179,2.121417,0.000000,0.000000,0.000000,0.965491,0.000000,0.805659,0.566960,0.000000,0.910562,0.372447,0.523201,0.927181,0.473725,0.480494,0.588436,1.120961,0.000000,0.000000,0.548511,0.883758,0.978541,0.523958,1.014741,0.000000,0.336285,1.276128,0.741698,1.547625,0.709106,0.754906,0.583041,0.744822,0.253362,0.903383,1.031870,1.599817,1.422329,0.000000,0.000000,0.000000,0.000000,0.000000,0.000000,0.000000,0.413470,0.000000,0.000000,0.000000,0.000000,0.000000,0.000000,0.000000,0.000000,0.000000,1.546995,0.000000,0.000000,0.000000,0.000000
DEMO_0059,0.000000,0.000000,0.564918,0.509897,0.000000,0.000000,2.503242,0.000000,0.977906,0.798543,0.512902,0.000000,0.671285,0.000000,0.906993,0.000000,1.766069,1.141418,1.405147,0.000000,0.887245,0.849819,0.747516,0.000000,0.000000,0.000000,2.390213,0.000000,0.383544,0.798692,1.225464,0.000000,0.949909,1.362229,1.524179,0.602470,0.702970,1.387184,1.213859,0.000000,0.000000,0.000000,0.000000,0.000000,0.000000,0.000000,0.000000,1.091988,1.760028,1.453556,0.658831,0.000000,0.132366,1.712006,0.996860,0.000000,1.125617,0.801186,0.000000,0.763651,0.000000,0.000000,0.902559,0.303324,1.164627,0.421713,0.320301,0.526336,0.511794,1.199623,0.000000,0.584345,0.363767,0.732438,0.512975,0.590589,0.000000,1.487421,0.000000,0.373103,0.000000,0.000000,0.000000,0.000000,0.000000,0.000000,0.000000,0.000000,0.000000,0.000000,0.000000,0.000000,0.000000,0.000000,0.000000,0.000000,0.000000,0.000000,0.000000,0.000000
DEMO_0060,0.734811,0.000000,0.000000,0.000000,0.000000,0.000000,0.000000,0.396861,1.283801,0.464515,0.658359,0.599788,0.628977,0.000000,0.465675,0.332184,2.076439,1.358546,0.592454,0.000000,0.000000,1.537104,1.116434,1.185904,0.000000,0.904175,0.697119,0.242275,0.000000,1.161806,0.000000,1.193231,1.435994,1.838681,1.579288,2.126189,1.145966,0.531523,0.000000,0.000000,0.888743,1.739907,0.000000,0.000000,1.133574,0.515345,0.000000,0.440196,0.559104,0.000000,1.484374,0.858858,1.830114,1.023247,0.862381,0.679155,0.560479,1.015794,1.267547,0.810195,0.783943,0.000000,0.000000,0.000000,0.000000,0.613716,0.000000,0.000000,1.119345,1.140814,0.720135,1.476554,0.000000,0.724365,0.563079,0.000000,0.000000,0.000000,0.000000,0.000000,0.000000,0.000000,0.000000,0.000000,0.000000,0.000000,0.000000,0.000000,0.000000,0.000000,0.000000,0.000000,0.000000,0.000000,0.000000,0.000000,0.000000,0.000000,0.000000,0.000000
DEMO_0061,0.000000,0.000000,0.000000,0.000000,1.093966,0.716973,0.000000,0.701707,0.000000,1.523381,0.357765,0.000000,0.412044,0.767874,1.087250,0.218397,0.000000,0.389640,2.045419,0.087785,0.000000,0.811950,0.884383,0.425357,0.000000,0.000000,2.068282,0.320256,0.000000,0.000000,1.085439,0.650851,0.623988,0.000000,0.734882,0.590741,0.000000,1.158786,0.000000,0.426094,0.520935,0.647481,0.599203,0.000000,0.955104,1.648745,0.000000,0.000000,2.220640,0.000000,0.893177,1.222475,0.417696,0.616409,1.181581,0.000000,1.193315,0.000000,0.000000,0.000000,0.369762,0.336054,0.662402,1.429796,0.000000,0.938894,0.978743,0.537869,1.782305,1.249939,0.863589,0.200845,0.847295,0.661145,1.861032,0.000000,1.427134,0.000000,1.843499,0.958268,0.000000,0.000000,0.000000,0.000000,0.000000,0.000000,0.000000,0.000000,0.000000,0.000000,0.000000,0.000000,0.000000,0.000000,0.000000,0.000000,0.000000,0.000000,0.000000,0.000000
DEMO_0062,0.742114,1.089496,0.615403,0.000000,0.611602,0.688197,0.372427,0.374574,0.792570,1.738489,0.513422,0.000000,2.362889,0.991638,0.724229,0.713357,0.647803,1.274045,0.845930,0.331371,0.000000,0.000000,0.000000,0.000000,0.000000,0.859268,0.000000,1.295295,0.706362,0.601318,1.657266,0.368438,1.021865,0.049601,0.764756,0.000000,1.134287,1.232550,0.872682,0.919456,0.000000,0.693064,0.000000,0.000000,0.656867,0.000000,0.689004,0.000000,0.000000,0.000000,0.000000,0.354865,0.000000,0.000000,0.738498,1.477564,0.200881,0.000000,0.412969,0.000000,0.000000,2.611053,1.173024,0.342082,0.591566,0.213732,2.721824,0.000000,0.000000,0.538133,0.576818,0.855460,0.000000,0.895235,0.000000,0.614979,0.258544,0.000000,0.000000,1.012385,0.000000,0.000000,0.000000,0.000000,0.000000,0.000000,0.000000,0.499676,0.000000,0.000000,0.000000,0.000000,0.000000,0.000000,0.000000,0.000000,0.000000,0.000000,0.000000,0.235019
DEMO_0063,0.741613,1.199655,0.766877,0.000000,0.000000,0.000000,1.290215,0.000000,1.143129,1.188285,0.000000,0.000000,0.421823,1.191903,0.511057,1.287218,0.310809,1.472748,1.029280,0.000000,1.047404,2.682168,0.000000,1.423265,0.000000,1.031397,0.280838,0.000000,1.646346,0.000000,1.355666,1.425450,0.000000,0.420323,0.000000,0.000000,0.000000,1.596692,0.000000,0.000000,0.000000,0.000000,0.000000,0.000000,0.000000,0.623609,0.000000,0.000000,2.752088,0.537872,0.476034,1.399206,1.512328,0.000000,0.000000,0.000000,0.535280,0.000000,0.000000,0.875276,0.000000,0.000000,1.059268,0.958817,1.001833,0.000000,1.044899,0.000000,0.571470,0.000000,0.000000,0.000000,0.805430,1.124952,0.768211,0.512619,0.000000,0.825211,0.000000,0.914657,0.000000,0.000000,0.000000,0.000000,0.000000,0.000000,0.000000,0.000000,0.000000,0.000000,0.000000,0.000000,0.000000,0.000000,0.000000,0.000000,0.000000,0.000000,0.000000,0.000000
DEMO_0064,1.259201,0.000000,0.000000,0.821045,0.000000,0.850641,0.000000,0.000000,0.501348,0.000000,1.828709,1.771717,0.636097,0.663716,0.355957,1.562241,0.533034,0.969605,0.000000,0.153505,0.000000,0.000000,0.000000,0.722239,0.000000,0.991766,0.000000,2.246116,1.376099,1.093073,0.286205,0.000000,0.000000,0.774582,0.632120,1.924364,1.616925,1.166244,0.000000,0.295852,0.000000,1.702104,0.000000,0.000000,0.664552,0.935955,0.000000,0.000000,1.106311,0.660348,0.000000,0.995979,0.532218,1.207573,1.322549,1.258690,1.588092,0.000000,0.000000,0.000000,0.000000,0.346255,0.000000,0.872599,1.365092,0.000000,0.000000,1.292511,0.293837,0.990748,1.479416,0.000000,0.776684,0.918809,0.853247,1.058503,0.000000,0.000000,0.700706,0.703308,0.000000,0.000000,0.000000,0.000000,0.000000,0.000000,0.000000,0.000000,0.000000,0.000000,0.000000,0.000000,0.000000,0.000000,0.000000,0.000000,0.000000,0.000000,0.000000,0.000000
DEMO_0065,0.410303,0.000000,0.000000,0.989620,2.016774,0.662650,0.275649,0.000000,0.000000,1.192135,0.842620,0.000000,0.000000,0.545760,1.105201,0.744744,1.248423,0.811667,0.000000,0.000000,0.000000,0.212650,0.000000,2.569706,0.457722,0.403219,0.418513,1.401835,0.000000,0.000000,0.000000,0.000000,0.547986,0.815395,0.250564,0.705251,1.543761,0.357326,1.051637,0.324731,0.000000,0.000000,0.904301,1.707622,0.247067,0.383736,0.387718,1.089940,0.657701,0.809665,0.433949,0.682126,0.000000,1.289311,0.142327,0.144942,0.567432,0.000000,0.840641,0.000000,0.691418,1.211611,0.000000,1.057892,0.000000,0.000000,1.428936,0.615325,1.076756,0.410384,0.896336,0.000000,0.000000,1.300217,1.703091,1.245538,1.972202,1.305172,1.043879,0.590991,0.000000,0.000000,0.000000,0.000000,0.000000,0.000000,0.000000,0.000000,0.000000,0.000000,0.000000,0.000000,0.000000,0.000000,0.000000,0.000000,0.000000,0.000000,0.000000,0.000000
DEMO_0066,1.922853,0.000000,0.716768,0.000000,0.620788,0.000000,1.165124,0.000000,0.000000,1.568775,0.000000,0.747949,0.684698,0.420071,0.000000,0.963270,0.584048,1.816408,0.000000,0.000000,0.000000,0.000000,0.997323,0.000000,0.000000,0.806004,0.560970,1.770169,0.671193,0.000000,0.949587,0.568081,1.168978,0.509197,0.000000,1.068074,1.284008,0.988367,0.000000,1.130352,0.000000,0.000000,0.000000,0.000000,0.000000,0.756557,0.825987,1.475401,2.031255,1.291783,1.257134,0.000000,0.501697,1.469476,0.575027,0.000000,1.961714,0.000000,0.698538,0.000000,0.980525,0.000000,0.000000,1.066911,0.000000,0.000000,1.231012,0.000000,0.000000,0.000000,0.000000,1.558789,0.000000,1.253880,0.000000,0.519062,1.087085,0.000000,0.000000,0.000000,0.000000,0.000000,0.000000,0.000000,0.463926,0.000000,0.000000,0.000000,0.000000,0.000000,0.000000,0.000000,0.000000,2.201812,0.000000,0.000000,0.000000,0.000000,0.000000,0.000000
DEMO_0067,0.000000,0.686018,1.963369,0.954449,1.177647,1.173395,1.647363,0.609720,0.000000,0.690837,0.967699,0.949009,0.939344,0.644734,1.409399,0.626720,1.160646,0.280024,0.833515,0.000000,0.000000,0.361186,0.000000,0.000000,0.000000,0.572066,1.786122,1.713033,0.000000,0.338934,0.000000,0.380105,0.000000,1.162736,1.169257,0.579882,1.451131,2.844907,0.563252,0.000000,0.000000,0.000000,0.000000,0.617099,0.439982,0.000000,0.499056,0.235583,0.738660,0.537080,0.000000,0.924214,0.113311,0.977849,0.768359,0.759034,1.094314,0.000000,0.000000,0.000000,0.524679,0.000000,0.000000,0.000000,0.172224,0.790928,1.133067,0.411244,0.000000,1.007803,1.312408,0.000000,0.169745,1.132934,1.674410,1.343724,0.000000,0.000000,0.000000,0.000000,0.000000,0.000000,0.000000,0.000000,0.000000,0.000000,0.000000,0.000000,0.000000,0.000000,0.000000,0.000000,0.000000,0.000000,0.000000,0.000000,0.000000,0.000000,0.000000,0.000000
DEMO_0068,0.000000,0.000000,2.081722,0.639396,0.000000,0.000000,1.097041,0.000000,2.141407,0.621295,0.000000,0.652258,0.000000,0.655420,0.000000,0.726343,0.743463,1.833454,0.787860,0.613468,0.000000,0.000000,0.647614,0.000000,0.000000,0.411034,0.000000,2.180351,1.226397,0.124558,0.945413,2.375934,0.602610,0.000000,0.702081,1.513336,1.134053,0.805464,0.389843,0.000000,0.000000,1.686932,0.000000,0.000000,0.198022,0.000000,1.621012,0.173041,1.174825,0.771441,1.541333,1.012854,0.164971,0.457353,0.864263,0.669948,0.000000,0.000000,0.000000,0.000000,0.000000,0.000000,0.000000,0.929861,1.298558,0.457545,0.755390,0.000000,0.000000,0.000000,0.000000,0.000000,2.111908,0.000000,0.630717,0.396764,0.000000,0.000000,1.006003,0.690369,0.000000,0.000000,0.000000,0.000000,0.000000,0.000000,0.000000,0.000000,0.000000,0.000000,0.000000,0.000000,0.000000,0.000000,0.000000,0.000000,0.000000,0.000000,0.000000,0.000000
DEMO_0069,0.833051,0.000000,0.000000,0.000000,2.105747,1.652793,0.942528,1.112383,1.285546,0.000000,0.570596,0.500309,0.000000,0.709216,0.000000,1.192871,1.077170,0.000000,1.225147,0.000000,1.488624,0.000000,0.000000,0.000000,0.676612,0.000000,2.058914,1.095474,1.472930,0.000000,0.412656,0.000000,0.414747,0.000000,0.500667,1.288864,0.404544,0.706519,2.146296,0.990158,0.000000,0.000000,0.000000,1.469813,0.214364,0.929500,0.000000,1.163003,0.617569,0.251623,1.039360,0.532306,0.743343,1.775380,0.291953,0.726658,0.806204,0.000000,0.000000,0.000000,0.000000,0.753296,1.380052,0.000000,0.623644,0.000000,0.000000,0.772500,0.000000,0.765615,0.000000,1.164025,1.448313,1.357485,0.000000,0.258406,0.000000,0.000000,0.245920,0.947522,0.000000,0.917453,0.000000,0.000000,0.000000,0.000000,0.000000,0.000000,0.000000,0.860944,0.000000,0.000000,0.000000,0.000000,0.000000,0.000000,0.000000,0.000000,0.000000,0.000000
DEMO_0070,0.000000,1.111236,0.000000,0.000000,0.000000,1.374581,0.000000,0.000000,0.948371,0.000000,1.100886,0.321444,0.826574,0.000000,1.441315,0.000000,1.591864,1.074336,1.711248,0.762633,1.406684,0.000000,0.000000,0.000000,0.000000,0.000000,1.055623,0.000000,1.584691,0.000000,2.008436,0.890419,0.000000,0.000000,0.975120,0.888457,0.000000,2.076519,0.000000,0.000000,0.967682,0.000000,2.236232,0.561601,0.871584,1.248591,0.849957,0.000000,0.000000,0.591992,0.982557,1.201547,0.000000,1.912076,0.000000,0.000000,1.522818,0.000000,0.000000,0.000000,0.000000,1.369519,0.886606,0.000000,0.587579,0.911631,1.008512,0.549408,0.000000,1.111080,0.424520,1.261958,0.638255,0.000000,0.000000,0.000000,0.000000,0.000000,0.000000,1.385761,0.000000,0.000000,0.000000,0.000000,0.000000,0.000000,0.000000,0.000000,0.000000,0.000000,0.000000,0.000000,0.000000,0.000000,0.000000,0.000000,0.000000,0.000000,0.000000,0.000000
DEMO_0071,0.000000,0.000000,1.131547,0.000000,0.000000,0.000000,1.336846,0.000000,1.325187,1.540194,0.885545,0.897611,1.888762,0.357403,0.956581,0.000000,0.000000,0.728589,0.000000,0.980370,1.178598,0.000000,0.693817,1.536822,1.021858,1.250125,0.000000,0.595185,0.681906,0.000000,0.000000,0.579977,0.397039,0.000000,0.000000,0.399817,1.856026,0.000000,0.667441,0.000000,1.372717,0.914503,0.000000,0.000000,0.000000,0.000000,0.000000,0.827135,0.000000,0.952932,2.100464,0.933174,1.116015,0.000000,0.614921,0.502496,0.664631,0.000000,1.480414,0.150998,2.029367,0.807861,0.565495,0.000000,0.776016,1.361725,0.000000,1.965686,0.311061,1.104849,0.000000,0.000000,0.533032,1.045645,1.382723,1.227685,0.400405,0.462465,0.000000,0.000000,0.000000,0.000000,0.000000,0.000000,0.000000,0.000000,0.000000,0.000000,0.000000,0.000000,0.000000,0.000000,0.000000,0.000000,0.000000,0.000000,0.000000,0.000000,0.000000,0.000000
DEMO_0072,0.639964,1.593108,0.662756,0.000000,0.217404,0.149520,0.000000,0.000000,0.507451,0.658526,0.250620,0.516010,0.000000,1.367724,0.810125,1.300544,0.833843,0.000000,0.329925,0.238732,0.000000,0.000000,0.344368,0.000000,0.878029,0.588823,0.000000,0.308428,2.713507,0.873659,0.000000,1.543128,0.536583,0.437587,1.740067,0.139582,0.264239,0.748147,0.000000,0.000000,0.690684,0.000000,0.000000,0.525295,0.000000,0.000000,1.762129,0.540825,0.943509,0.370437,1.206994,0.567006,1.266844,1.081541,0.000000,1.031329,1.748178,0.000000,0.657116,0.927278,0.000000,0.000000,0.612184,0.000000,1.204656,0.463136,1.028253,0.000000,1.165794,1.284694,0.213279,0.764664,0.000000,1.676185,0.564303,0.949933,0.000000,0.637212,1.971269,0.000000,0.000000,0.000000,0.000000,0.000000,0.000000,0.000000,0.000000,0.000000,0.887608,0.000000,0.000000,0.000000,0.000000,0.000000,0.000000,0.000000,0.000000,0.000000,0.000000,0.000000
DEMO_0073,0.570022,0.947700,0.000000,0.000000,0.000000,1.371499,0.000000,0.889817,0.914277,1.054504,0.631411,1.025284,0.000000,0.659115,0.824867,1.885726,0.682690,1.705490,0.262785,1.051204,0.679852,1.362775,1.167666,0.171054,0.000000,1.024381,0.423504,0.000000,0.827727,1.280731,1.564874,0.569689,1.277901,0.536363,0.000000,1.376235,0.420092,0.491500,0.000000,0.890629,0.783956,0.000000,0.000000,0.000000,0.000000,0.000000,1.135609,0.000000,0.985295,0.000000,0.000000,1.086602,1.951894,0.000000,2.526153,0.000000,0.655475,0.000000,0.000000,0.000000,0.000000,0.000000,0.487633,1.914391,1.415364,0.000000,0.000000,0.441324,0.000000,0.687637,0.512665,0.711652,0.193582,1.127152,0.807474,1.034581,0.000000,0.825449,0.554944,0.282859,0.000000,0.000000,0.000000,0.000000,0.000000,0.000000,0.000000,0.000000,0.000000,0.000000,0.000000,0.000000,0.000000,0.000000,0.000000,0.000000,0.000000,0.000000,0.000000,0.000000
DEMO_0074,0.000000,0.000000,0.000000,0.000000,0.612148,0.000000,0.000000,0.000000,1.219758,0.594707,0.663237,0.610633,1.229623,2.103013,0.000000,1.319835,0.967219,1.586618,0.893489,0.000000,1.557597,0.000000,0.559456,0.562161,0.797105,0.000000,0.670441,0.555767,0.000000,1.159497,0.795591,0.969422,1.130564,1.178750,0.201871,0.461407,0.956950,0.608944,0.000000,1.507380,1.546631,0.000000,0.153973,2.386484,0.000000,0.531387,0.000000,0.519515,0.774455,0.000000,1.728573,0.312644,0.000000,0.000000,1.310000,1.284850,1.272709,0.577869,0.000000,0.000000,0.415561,0.000000,0.000000,0.000000,0.893087,0.000000,1.349325,0.505896,0.000000,0.818232,1.118913,0.961579,1.734913,0.667288,0.491972,0.692241,0.000000,0.000000,0.000000,0.000000,0.000000,0.000000,0.000000,0.000000,0.000000,0.000000,0.000000,0.000000,1.309092,0.000000,0.000000,0.000000,0.000000,0.000000,0.000000,0.000000,0.000000,0.000000,0.185555,0.000000
DEMO_0075,0.000000,0.000000,0.000000,2.056975,0.000000,0.561221,0.000000,0.000000,0.963220,1.106880,0.543832,0.598181,1.335662,0.000000,0.669806,0.000000,0.000000,1.883289,0.000000,1.363475,0.000000,0.000000,0.000000,0.000000,1.353469,0.000000,0.000000,0.000000,0.000000,2.030088,0.808380,1.029830,1.211293,0.070129,1.462959,1.001115,0.579311,1.106337,0.000000,0.000000,0.000000,0.000000,0.000000,0.000000,1.273312,0.000000,2.150336,0.333923,2.157483,0.000000,0.740441,0.000000,0.541335,0.625527,0.753900,1.532854,1.708900,0.000000,0.000000,0.000000,1.506622,0.388689,0.000000,1.456028,0.819472,0.995007,1.105521,0.142255,1.263368,0.000000,0.522138,0.000000,0.796808,0.000000,0.906957,1.083268,0.000000,0.000000,0.000000,1.001565,0.000000,0.000000,0.000000,0.000000,0.000000,0.000000,0.000000,0.000000,0.000000,0.000000,0.000000,0.000000,0.000000,0.000000,0.000000,0.000000,0.000000,0.000000,0.000000,0.000000
DEMO_0076,0.301843,0.853679,1.595174,0.000000,2.670350,0.460134,0.000000,0.000000,0.950612,0.000000,1.916981,1.461282,0.000000,0.000000,0.865036,0.000000,1.322722,0.574575,1.202957,0.000000,0.000000,0.000000,0.000000,0.000000,0.230445,0.750882,0.000000,1.084087,0.506231,0.240185,0.779215,0.000000,0.000000,0.255533,0.786850,0.705114,0.351355,1.668905,1.169142,0.000000,0.000000,0.000000,0.000000,0.000000,0.262884,0.000000,1.292526,0.000000,0.000000,0.809005,1.933851,1.213675,1.351695,0.545830,0.574665,0.173824,0.579748,0.000000,0.418284,0.000000,0.000000,0.000000,1.677734,0.000000,0.000000,0.156912,1.171439,0.189299,0.000000,1.570031,0.000000,0.000000,1.209363,1.195244,0.000000,2.183550,0.000000,0.000000,1.514770,0.000000,0.000000,0.391283,0.000000,0.000000,0.000000,0.000000,0.000000,0.000000,0.000000,0.000000,0.000000,0.000000,0.000000,0.000000,0.000000,0.000000,1.045880,0.000000,0.000000,0.000000
DEMO_0077,0.746364,1.023867,0.000000,1.879628,0.588328,0.495728,0.895430,0.982717,0.119830,0.000000,0.000000,0.000000,0.761140,1.144146,0.000000,1.265063,0.773119,0.588033,1.534983,1.000091,0.000000,0.000000,0.475613,0.000000,0.419083,0.000000,0.911670,1.103496,1.735764,0.000000,0.421217,0.454082,0.475026,0.511378,1.815095,0.364837,1.259175,0.911371,0.000000,1.582260,1.825682,0.106330,0.942681,0.000000,1.132087,1.044022,2.151045,0.000000,2.049368,0.000000,2.048569,0.509854,0.000000,0.526797,0.770982,0.600405,0.434818,0.000000,0.000000,0.000000,0.589177,0.000000,0.000000,1.451077,0.710201,0.480805,0.000000,0.000000,0.137291,0.000000,0.956367,0.000000,0.000000,0.900917,0.836152,0.526210,0.000000,0.920359,0.000000,0.000000,0.264655,0.000000,0.000000,0.000000,0.000000,0.000000,0.000000,0.000000,0.000000,0.000000,0.000000,0.000000,0.000000,0.000000,0.000000,0.000000,0.000000,0.000000,0.000000,0.000000
DEMO_0078,1.890902,0.000000,0.000000,0.675893,0.000000,1.404239,0.000000,1.140043,0.675320,1.494723,0.973491,1.314570,0.000000,0.661022,0.344604,0.000000,1.485846,1.667323,1.264213,1.055900,0.000000,0.000000,1.955860,0.000000,1.222490,0.000000,0.000000,0.000000,0.448151,0.000000,0.262035,0.724092,1.055965,1.541162,1.264436,0.000000,1.471924,0.984946,0.947478,0.000000,0.000000,0.000000,0.000000,0.000000,0.000000,0.000000,0.000000,1.332390,1.377824,0.000000,1.404457,0.000000,0.806282,0.465291,0.943562,0.099123,0.990208,0.736389,0.622713,0.000000,0.266961,0.000000,0.000000,0.000000,0.593781,0.000000,0.000000,1.125471,1.600252,1.117158,0.603114,0.965245,2.276487,0.835199,0.626722,0.792395,0.000000,0.729369,0.000000,0.000000,0.000000,0.000000,0.000000,0.000000,0.000000,0.000000,0.000000,0.000000,0.000000,0.000000,0.000000,0.000000,0.000000,0.000000,0.000000,0.000000,0.000000,0.000000,0.000000,0.000000
DEMO_0079,0.318463,0.000000,0.723989,1.021389,1.405584,0.772538,0.832701,0.000000,1.033969,0.776229,1.221500,0.000000,0.669217,0.539201,0.000000,0.000000,0.591121,0.350610,0.376337,0.000000,0.000000,0.000000,0.000000,0.000000,0.000000,0.702101,0.000000,0.000000,1.323473,0.675195,0.000000,0.556646,0.362488,2.257142,0.677607,0.000000,0.233163,0.227842,0.000000,0.000000,0.987582,0.000000,0.000000,0.000000,0.428000,0.720641,0.000000,0.000000,0.000000,0.000000,1.265835,0.334002,0.000000,0.304120,1.979766,0.464238,1.106942,0.430098,1.371502,0.000000,1.088634,1.217759,1.369008,0.668161,0.301133,0.961467,0.876548,0.000000,0.655851,1.372087,2.321482,0.000000,0.756640,0.000000,3.044355,0.929268,0.277330,0.000000,0.000000,0.000000,0.000000,0.000000,0.000000,0.000000,0.000000,0.000000,0.000000,0.000000,0.000000,0.000000,0.000000,0.000000,0.000000,0.000000,0.000000,0.000000,0.000000,0.000000,0.000000,0.000000
DEMO_0080,0.000000,0.000000,1.459628,0.000000,0.728309,0.541580,0.000000,1.105683,0.405674,1.271083,1.033982,0.000000,0.332439,2.040143,0.000000,0.000000,0.296684,0.992012,1.360631,0.000000,0.827675,0.000000,0.699406,0.825933,0.000000,0.000000,0.000000,1.374305,1.617088,0.271749,1.796933,0.798984,2.239945,0.996252,1.194175,0.717877,0.731455,0.000000,0.000000,0.522642,0.969753,0.502947,0.000000,1.370509,0.168661,1.191631,0.492481,0.000000,0.000000,1.510757,1.993218,0.497347,0.500574,0.667279,1.436854,0.426740,0.729231,0.000000,0.000000,0.448319,0.000000,0.692145,0.476022,0.000000,0.575365,0.000000,0.000000,1.355765,0.000000,0.000000,0.000000,0.000000,2.307142,0.325719,0.750134,0.634880,0.737102,0.000000,0.000000,0.000000,0.000000,0.000000,0.000000,0.000000,0.000000,0.000000,0.000000,0.000000,0.000000,0.000000,0.000000,0.000000,0.000000,0.000000,0.000000,0.000000,0.000000,0.000000,0.000000,0.000000
DEMO_0081,0.000000,0.000000,1.658889,0.683286,0.000000,0.000000,0.000000,0.362543,0.565827,0.336041,0.386243,0.000000,1.014315,0.456247,1.909829,1.344283,0.907186,0.547155,0.663279,0.000000,0.000000,0.000000,0.924497,1.724500,1.321900,0.782099,0.434002,0.000000,1.513849,0.800955,0.000000,0.923324,0.000000,0.881386,0.340355,0.552358,1.110236,0.227075,0.000000,0.000000,0.348519,1.409672,0.000000,0.117887,0.356805,0.000000,0.287418,0.693789,0.757410,0.000000,1.526228,0.880315,1.030891,0.000000,0.672354,1.063781,1.599709,1.121006,0.000000,0.615517,1.329097,0.000000,1.162273,1.098767,0.305881,0.518256,1.762106,0.000000,0.579102,1.003556,1.997593,0.000000,1.622622,0.000000,0.000000,0.285987,0.000000,0.881086,0.555273,0.000000,0.000000,0.000000,0.000000,0.000000,0.000000,1.876719,0.000000,0.000000,0.000000,0.000000,0.000000,0.000000,0.000000,0.000000,0.000000,0.000000,0.000000,0.000000,0.000000,0.000000
DEMO_0082,0.878838,0.389309,0.000000,0.000000,0.000000,0.000000,0.000000,0.473337,1.675215,1.052367,1.505330,0.826225,0.000000,0.000000,0.000000,1.925495,1.476474,0.891955,1.209302,0.000000,0.000000,0.980284,0.000000,0.450404,0.000000,1.404282,0.000000,0.192599,1.246990,0.000000,1.220303,0.984567,1.952279,0.000000,0.237946,1.139629,0.206766,0.575349,0.659774,0.840461,0.777319,0.226150,0.000000,0.594506,0.000000,1.454756,0.326475,1.145014,0.803138,0.000000,2.601060,0.487221,0.507149,0.000000,0.230838,0.000000,1.724446,0.000000,0.538862,0.000000,0.000000,0.000000,0.000000,0.964072,0.000000,1.170866,0.762325,0.317633,0.000000,1.478654,0.000000,0.000000,0.000000,0.721295,1.667955,0.608204,0.000000,0.000000,1.532445,1.257011,0.000000,0.000000,0.000000,0.000000,0.000000,0.000000,0.000000,0.000000,0.000000,0.000000,0.000000,0.000000,0.000000,0.000000,0.000000,0.000000,0.000000,0.000000,0.000000,0.000000
DEMO_0083,0.000000,1.048776,0.000000,1.067299,0.000000,1.201832,0.000000,0.512243,0.968604,0.965040,0.000000,0.777116,0.766129,0.795302,0.392706,0.690188,0.184634,0.000000,1.036571,0.000000,1.419987,0.000000,1.532724,1.600467,0.000000,0.000000,0.000000,0.000000,0.000000,0.864096,0.000000,0.000000,1.257686,1.083943,0.000000,1.466347,0.000000,0.542353,1.786772,0.573508,1.715415,0.950446,0.000000,0.000000,0.981714,0.000000,1.077858,0.000000,1.390636,0.867500,1.354218,0.662005,0.000000,1.063464,2.300864,0.432819,0.000000,0.000000,0.000000,0.000000,0.841779,0.000000,0.000000,0.000000,0.181229,0.846889,0.496969,1.415774,1.542134,1.865358,0.000000,0.000000,1.059426,0.000000,1.609609,0.000000,1.396594,0.351006,0.323338,0.000000,0.000000,0.000000,0.000000,0.000000,0.998926,0.000000,0.000000,0.000000,0.000000,0.000000,0.000000,0.000000,0.000000,0.000000,0.000000,0.000000,0.000000,0.000000,0.000000,0.000000
DEMO_0084,0.910488,0.000000,0.420047,0.639837,0.000000,0.000000,0.495139,0.159441,0.720334,1.416975,0.000000,0.000000,0.443734,0.000000,0.000000,0.000000,1.419210,0.344181,0.425111,0.000000,0.000000,0.000000,1.161705,0.000000,0.546021,0.769472,0.000000,1.711638,0.166493,0.000000,0.755082,0.895704,0.496741,0.553211,0.000000,0.616546,1.858075,0.000000,0.439219,0.000000,0.000000,0.000000,1.921032,0.000000,0.774571,1.255982,0.857089,1.182534,1.875888,0.631438,1.066588,0.590894,1.414277,1.824154,0.843575,0.642411,0.764559,0.929699,0.000000,0.000000,0.000000,0.000000,0.000000,2.363770,0.513215,0.527295,0.000000,0.662157,1.000643,1.339429,0.949776,1.667990,1.568725,0.470805,0.000000,0.581811,0.000000,1.771904,0.000000,0.000000,0.000000,0.000000,0.000000,0.000000,0.000000,0.000000,0.000000,0.000000,0.000000,0.000000,0.000000,0.000000,0.000000,0.000000,0.000000,0.000000,0.000000,0.000000,0.000000,0.000000
DEMO_0085,1.242179,0.000000,0.000000,0.732622,0.000000,0.000000,1.352115,2.031880,0.000000,0.000000,1.310453,0.000000,0.394468,0.887652,1.762833,0.683343,1.272932,0.500290,0.411133,0.000000,0.529163,1.813855,0.000000,0.463497,2.057001,1.759105,0.000000,0.000000,0.405540,0.486504,0.458035,0.000000,0.000000,0.000000,0.825878,0.818094,2.342070,0.400095,0.000000,0.000000,0.000000,0.877232,1.079836,0.708481,0.000000,1.481980,1.230678,0.000000,0.000000,0.000000,1.505544,0.714483,0.000000,0.000000,0.546703,0.977508,0.474396,0.358785,0.000000,0.000000,0.457288,0.000000,0.402814,0.000000,0.912250,0.000000,0.637052,1.513570,0.000000,1.962628,0.315142,0.000000,0.956709,1.189930,0.656941,0.000000,0.000000,1.383372,0.754313,0.000000,0.000000,0.000000,0.000000,0.000000,0.000000,0.000000,0.000000,0.000000,0.000000,0.000000,0.000000,0.000000,0.000000,0.000000,0.000000,0.000000,0.000000,0.000000,0.000000,0.000000
DEMO_0086,1.099064,0.000000,0.000000,0.000000,0.000000,1.449034,0.780039,0.781949,0.553890,1.312404,0.551121,0.869017,0.000000,0.000000,0.871360,2.593139,0.000000,0.000000,1.400814,1.416244,1.317248,0.000000,0.000000,0.971362,0.000000,0.219685,0.000000,0.000000,2.098900,0.000000,0.849971,0.000000,0.250912,0.575665,0.808552,0.640375,1.545787,0.192330,0.000000,1.347588,2.316170,0.000000,1.094183,0.956552,0.788545,0.000000,0.606432,1.123730,0.000000,0.647963,0.575384,1.756445,0.638537,0.000000,0.955912,0.286654,0.000000,0.000000,1.760581,0.000000,0.000000,0.000000,0.000000,0.000000,0.721324,0.000000,0.000000,0.000000,0.652087,0.708126,0.000000,0.262984,0.552002,0.000000,1.064069,0.697824,0.000000,0.000000,0.000000,1.926999,0.000000,0.000000,0.000000,0.000000,0.000000,0.000000,0.000000,0.000000,0.000000,0.000000,0.000000,0.000000,0.000000,0.000000,0.000000,0.000000,0.000000,0.000000,0.000000,0.000000
DEMO_0087,0.359028,0.000000,0.000000,0.288051,0.000000,0.439918,0.000000,0.622036,0.000000,1.312904,0.853847,1.038760,0.450863,0.425636,0.164049,1.088854,0.528079,1.143293,1.577122,0.000000,1.555088,0.000000,0.820323,0.612450,0.000000,0.000000,0.489937,0.940265,0.589778,0.000000,0.836500,0.889187,0.000000,1.244858,0.786684,1.121404,1.349642,0.280857,0.000000,0.000000,0.966367,0.000000,1.208783,2.169785,1.257511,0.412049,0.137468,0.815383,0.180560,1.026261,0.000000,0.458098,0.706553,1.090923,2.042867,0.545039,0.000000,0.260283,0.000000,0.320211,1.068990,1.859827,1.987870,0.000000,0.000000,0.000000,0.000000,0.735108,0.000000,0.678731,0.800965,0.438949,0.000000,0.350124,0.000000,0.000000,0.386848,0.214464,0.000000,2.074847,0.000000,0.000000,0.000000,0.000000,0.000000,0.000000,0.000000,0.000000,0.000000,0.000000,1.957008,0.000000,0.000000,0.000000,0.000000,0.000000,0.000000,0.000000,0.000000,0.000000
DEMO_0088,1.259740,0.747861,0.368887,0.000000,0.000000,0.000000,0.908792,0.000000,0.000000,0.000000,0.000000,0.837621,0.960847,1.605935,0.588028,1.532990,0.255243,1.981570,0.153751,0.000000,0.449611,0.000000,1.271062,0.000000,0.607927,0.418237,0.718888,0.000000,0.000000,1.880749,1.267032,0.353927,0.000000,0.000000,0.788566,0.000000,0.770313,0.452030,0.000000,0.540905,0.000000,0.000000,1.399731,1.746685,0.216713,0.000000,0.000000,0.000000,0.000000,2.771591,0.000000,0.000000,0.311518,0.175299,0.620041,0.207506,0.968789,0.000000,1.846223,0.548098,2.067498,0.885852,1.417240,0.000000,0.000000,0.000000,0.000000,0.000000,1.294368,1.073870,1.019502,1.342291,0.327762,0.191024,1.158175,0.285096,0.660597,0.000000,0.962872,0.000000,0.000000,0.000000,0.000000,0.000000,0.000000,0.000000,0.000000,0.000000,0.000000,0.000000,0.000000,0.000000,0.000000,0.000000,0.000000,0.000000,0.000000,0.000000,0.000000,0.000000
DEMO_0089,0.307434,1.808152,0.905782,0.648172,0.762716,1.213570,0.734073,1.502823,0.000000,0.705077,0.768389,0.302508,0.914054,0.000000,0.448712,0.816180,0.522959,0.000000,0.346838,0.000000,0.690522,0.977124,0.000000,0.252919,0.000000,0.924344,0.000000,0.000000,0.380276,0.000000,0.000000,1.889648,0.000000,1.665435,0.051001,0.000000,0.203078,0.000000,0.477792,0.230044,1.322766,0.967075,0.000000,0.460588,0.000000,0.747592,0.000000,0.376688,0.537898,1.297406,0.000000,0.000000,0.619476,0.193172,0.384936,2.930057,1.113432,1.287172,0.891854,1.276903,0.000000,0.000000,0.000000,0.000000,0.000000,0.000000,0.000000,1.340918,1.157035,2.150730,0.000000,0.000000,0.000000,0.000000,1.328794,0.695385,0.948805,1.144784,1.136151,0.430205,0.000000,0.000000,0.000000,0.000000,0.000000,0.000000,0.000000,0.000000,0.000000,0.000000,0.411930,0.000000,0.000000,0.000000,0.000000,0.000000,0.000000,0.000000,0.000000,0.000000
DEMO_0090,0.707436,0.000000,0.632211,0.000000,0.000000,1.775899,0.000000,0.000000,0.719902,0.243994,0.630625,0.529684,0.646541,0.599609,0.394931,0.860756,1.118382,0.725962,0.000000,0.000000,0.338213,0.000000,0.000000,0.757496,0.000000,0.000000,0.000000,1.465964,0.601796,0.416606,0.776076,0.766799,2.520566,0.986388,0.313027,0.938833,0.442801,0.748229,0.590886,0.629382,0.360268,0.385567,0.717583,1.959317,0.958750,0.000000,0.462175,0.899749,0.000000,0.000000,0.684812,0.436860,0.000000,0.578282,0.243113,0.780746,0.660238,2.160424,0.000000,0.823920,0.728784,1.048424,0.000000,0.000000,0.000000,0.257594,0.000000,1.131972,2.402623,0.000000,1.199274,1.509875,0.000000,0.757998,0.743965,1.962838,0.993493,0.000000,0.000000,0.000000,0.000000,0.000000,0.000000,0.000000,0.000000,0.000000,0.000000,0.000000,0.000000,0.000000,0.000000,0.000000,0.000000,0.000000,0.000000,0.000000,0.000000,0.000000,0.000000,0.000000
DEMO_0091,0.709598,0.000000,0.000000,0.000000,1.169485,0.919709,0.709917,0.766832,1.595306,0.350873,0.953531,0.000000,0.415042,0.447418,0.688129,0.000000,1.371930,0.792340,0.886868,0.694662,1.130674,1.409840,0.000000,0.000000,0.000000,0.000000,1.380205,1.050020,1.145824,1.171606,0.000000,0.496370,1.276748,0.440461,1.339268,0.000000,0.846206,0.000000,1.267303,0.298329,0.800016,1.602949,0.000000,0.286180,0.000000,0.000000,0.624268,0.000000,0.000000,0.873614,0.883556,0.132942,0.551266,0.000000,1.028143,1.345211,0.000000,0.870449,0.825345,0.920150,0.000000,2.976924,0.770138,0.000000,0.366579,0.000000,0.000000,0.000000,0.559002,0.376409,0.000000,0.000000,1.197345,0.396367,1.269669,0.238495,0.000000,0.000000,1.685115,1.009021,0.000000,0.000000,0.000000,0.000000,0.000000,0.000000,0.000000,0.000000,0.000000,0.000000,0.000000,0.000000,0.756836,0.000000,0.000000,0.000000,0.000000,0.000000,0.000000,0.000000
DEMO_0092,0.000000,0.742483,1.825807,0.000000,1.243604,0.000000,0.539453,0.802276,0.000000,0.792210,0.000000,0.798158,0.000000,0.533148,0.900058,0.000000,0.760631,0.000000,0.274577,0.423123,0.607836,0.000000,0.000000,0.000000,1.633584,0.478514,1.726020,1.611264,0.000000,0.415640,0.000000,0.554189,0.573274,0.000000,0.000000,0.369440,0.000000,0.227318,0.450831,0.000000,0.523612,1.011215,0.000000,0.715582,1.388869,1.362754,0.000000,0.761902,0.593676,1.147416,0.347749,0.887767,1.923458,1.606383,1.596081,1.343333,0.519090,1.785210,0.000000,0.362780,0.000000,0.000000,1.827691,0.000000,0.559960,1.569693,0.000000,1.201285,0.946696,1.760747,0.810701,1.098715,1.008899,1.264508,0.000000,0.579122,0.000000,0.000000,0.000000,0.000000,0.000000,0.000000,0.000000,0.312069,0.000000,0.000000,0.000000,0.000000,0.000000,0.000000,0.000000,0.000000,0.000000,0.000000,0.000000,0.000000,0.000000,0.000000,0.000000,0.000000
DEMO_0093,0.000000,0.000000,0.777522,0.000000,1.662429,1.000551,0.545527,1.121211,0.000000,1.265349,0.000000,0.000000,0.526280,0.470067,0.987787,0.179148,1.168090,0.000000,0.180336,0.456914,0.000000,0.000000,0.000000,2.672624,0.000000,0.935172,0.000000,0.000000,1.219307,0.000000,0.000000,0.925448,0.000000,0.348404,0.794025,0.907839,1.396373,0.448197,0.000000,0.000000,0.000000,0.000000,0.000000,1.578536,0.656969,0.687061,1.875166,0.000000,0.000000,0.497404,1.605633,1.201409,1.279250,0.710802,0.764234,0.622588,0.567091,1.563488,0.359712,0.000000,1.284418,0.000000,0.000000,1.198149,0.322911,0.000000,0.661822,0.000000,0.901445,0.000000,2.123579,0.858207,0.317408,1.618432,0.791934,1.753514,0.000000,0.000000,0.000000,0.000000,0.000000,0.000000,0.000000,0.000000,0.000000,0.000000,0.000000,0.000000,0.000000,0.000000,0.000000,0.000000,0.000000,0.000000,0.000000,0.000000,0.000000,0.000000,0.000000,0.000000
DEMO_0094,0.908190,0.000000,0.000000,0.000000,0.000000,0.000000,0.000000,0.000000,1.144554,0.551227,0.510692,0.710580,1.552278,1.159148,0.975170,1.372927,0.815070,1.350075,0.711982,0.903922,1.029044,0.568158,1.032253,0.397927,0.000000,0.933151,1.174030,0.000000,2.098514,0.000000,1.385188,0.821028,1.122291,0.526199,1.242886,0.000000,0.000000,0.810551,0.900638,0.000000,0.000000,0.000000,0.687683,2.300003,0.000000,1.469206,1.529290,0.000000,0.000000,0.564665,1.298133,1.124772,0.808909,0.912597,1.269020,0.000000,0.760031,0.000000,0.000000,1.112762,0.000000,0.000000,0.000000,0.775858,0.000000,0.000000,0.000000,0.000000,0.000000,1.178468,1.166803,0.536182,1.429057,1.941919,0.491503,0.000000,0.000000,0.000000,0.938451,0.206904,0.000000,0.000000,0.000000,0.000000,0.000000,0.000000,0.000000,0.000000,0.000000,0.000000,0.000000,0.000000,0.000000,0.000000,0.000000,0.000000,0.000000,0.000000,0.000000,0.000000
DEMO_0095,0.220467,0.000000,0.683835,0.000000,0.743914,0.355199,0.353715,0.764675,0.835830,0.883452,0.000000,0.532735,0.736618,2.000763,0.000000,1.212247,0.774350,1.115148,0.343469,0.000000,0.377523,0.000000,0.000000,0.398581,1.021069,0.316051,0.000000,1.011429,0.000000,0.000000,0.932052,0.000000,2.142123,1.221845,0.000000,1.139440,0.486361,0.439162,0.000000,0.000000,1.085556,1.216328,1.319599,1.408355,0.000000,0.631575,1.353032,0.080072,0.602923,0.000000,0.805755,0.000000,0.000000,0.000000,1.301130,0.974576,1.291223,0.000000,0.000000,1.099680,1.221322,0.000000,1.010971,0.973953,2.520424,0.232629,0.000000,1.774910,0.660394,0.000000,0.971164,0.550915,0.807344,0.185689,1.358799,0.958262,0.000000,0.902097,0.000000,0.708857,0.000000,0.000000,0.000000,0.000000,0.000000,0.000000,0.000000,0.000000,0.000000,0.000000,0.000000,0.000000,0.000000,0.000000,0.000000,0.000000,0.000000,0.000000,0.000000,0.000000
DEMO_0096,1.163562,0.000000,0.000000,0.382636,0.000000,1.365509,0.350087,0.635521,0.000000,1.066015,0.000000,0.881581,1.711102,1.500310,0.283996,0.427276,0.000000,0.849416,0.000000,1.251198,0.558972,0.000000,0.611839,0.000000,0.394278,1.537780,0.000000,0.000000,0.000000,1.853521,1.132346,0.972141,0.667147,0.972837,0.770354,1.983893,0.000000,1.789624,0.000000,0.601948,0.000000,0.332447,0.000000,0.000000,0.000000,0.000000,0.000000,0.686034,2.267861,0.675476,0.289231,1.286561,0.810790,0.684352,0.000000,0.722538,0.000000,1.518224,0.655142,0.000000,0.000000,0.680311,1.216439,0.000000,1.027011,0.000000,0.000000,0.481381,0.000000,0.000000,2.195109,1.309754,0.553089,0.800462,0.303662,0.383170,0.000000,0.000000,1.052858,0.000000,0.000000,0.000000,0.000000,0.000000,0.000000,0.000000,0.000000,0.000000,0.000000,0.000000,0.000000,0.000000,0.000000,0.000000,0.000000,0.000000,0.000000,1.512605,0.000000,0.000000
DEMO_0097,0.838805,0.000000,0.000000,0.152461,0.000000,1.753075,1.110475,1.024457,0.674151,1.100892,0.515146,0.000000,0.772528,1.214198,0.668589,1.896020,0.756874,0.313001,1.457851,0.000000,0.000000,1.490290,0.000000,1.065931,0.926004,0.950366,0.000000,0.000000,1.318549,1.443906,0.543981,0.937974,0.000000,0.640249,0.678024,0.000000,0.452643,1.633067,0.000000,0.000000,0.000000,0.362227,2.364808,0.000000,0.000000,0.000000,0.000000,0.000000,0.960111,0.215853,0.689777,0.000000,0.695990,0.985193,0.000000,0.925902,1.010961,0.000000,0.000000,0.000000,0.000000,1.189608,0.440017,0.572856,0.000000,0.000000,0.000000,2.155737,0.923211,0.448143,0.860357,0.728823,1.298161,2.004627,0.781545,1.281746,0.080069,0.390007,0.000000,0.000000,0.000000,0.000000,0.000000,0.000000,0.000000,0.000000,0.000000,0.000000,0.000000,0.000000,0.000000,0.000000,0.000000,0.000000,0.000000,0.000000,0.000000,0.000000,0.000000,0.000000
DEMO_0098,1.207726,0.000000,1.328348,0.515588,0.000000,1.056580,0.000000,1.686950,0.357954,0.793485,0.454511,0.638779,1.125118,0.933276,2.348036,0.963216,0.000000,0.827255,0.624286,0.000000,0.988213,0.593629,1.103994,0.000000,2.430597,0.000000,0.000000,0.633181,1.349136,0.544166,0.000000,0.000000,1.007057,0.000000,0.525850,0.405661,0.249244,1.251465,0.939076,0.000000,0.000000,1.007351,1.432031,0.000000,0.899830,0.789500,0.807612,0.725199,0.000000,0.938779,1.130114,0.000000,0.874591,0.000000,1.140154,1.104600,1.225734,0.000000,0.000000,0.000000,1.295074,0.231952,0.000000,0.000000,0.000000,1.453018,0.000000,0.330046,0.000000,0.000000,1.192475,1.191564,0.000000,0.924504,0.737499,1.307179,0.371866,0.971656,0.000000,0.825114,0.000000,0.000000,0.000000,0.000000,0.000000,0.000000,0.000000,0.000000,0.000000,0.000000,0.000000,0.000000,0.000000,0.000000,0.000000,0.000000,0.000000,0.000000,0.000000,0.000000
DEMO_0099,1.166270,0.648038,0.000000,0.000000,0.000000,0.812444,1.635569,1.514289,0.000000,2.188236,0.910574,0.000000,0.000000,0.000000,0.838325,0.501216,0.000000,1.209227,1.316567,1.243695,0.000000,0.000000,0.256532,0.000000,0.883578,0.000000,0.000000,0.000000,0.000000,0.792284,0.000000,1.139013,0.931977,1.002253,2.302866,0.469927,0.000000,0.747786,0.000000,0.000000,0.372400,0.442638,1.115753,1.269400,0.000000,0.000000,0.000000,1.705644,0.557989,1.346186,0.473009,0.000000,0.633240,1.282848,0.000000,0.000000,0.276536,0.000000,0.876770,0.000000,0.759241,1.190706,0.000000,0.480512,1.335819,0.312825,0.690131,0.891517,1.084694,0.000000,0.760745,0.000000,0.132943,0.000000,1.224040,0.602983,2.093625,1.216994,0.000000,0.573347,1.627994,0.000000,0.000000,0.000000,0.000000,0.000000,0.000000,0.000000,0.000000,0.000000,0.000000,0.000000,0.000000,0.000000,0.000000,0.000000,0.000000,0.000000,0.000000,0.000000
DEMO_0100,0.000000,0.000000,1.573675,0.000000,2.373002,2.605291,0.159173,0.854330,0.385760,0.565860,0.524114,0.443060,0.000000,1.544977,0.510001,0.678205,0.677184,1.056651,1.523317,0.399038,0.000000,0.000000,0.000000,0.800842,0.000000,0.608315,1.730618,1.348042,0.463744,0.577502,0.000000,0.971775,0.000000,1.187767,1.152020,0.000000,0.000000,0.389313,0.000000,0.000000,0.000000,0.000000,0.681022,0.000000,0.000000,0.000000,0.000000,0.000000,0.000000,1.194967,0.000000,0.345188,1.008142,2.098899,0.434672,0.000000,1.895297,0.000000,0.000000,1.581344,0.000000,0.000000,0.000000,0.000000,1.328304,0.980431,0.000000,0.000000,0.000000,0.000000,1.272127,0.000000,0.434522,0.940304,0.331321,0.256383,0.000000,1.455710,0.831094,0.000000,0.000000,0.000000,0.000000,0.000000,0.000000,0.000000,0.000000,0.000000,0.000000,0.000000,0.000000,0.000000,1.420455,0.000000,0.000000,0.000000,0.000000,0.000000,0.000000,0.000000
DEMO_0101,0.000000,0.000000,0.000000,0.624782,0.000000,0.000000,0.000000,1.567029,0.000000,0.000000,0.000000,0.786292,0.535135,0.000000,1.012017,1.773862,0.497121,0.532832,0.296549,0.000000,0.000000,0.000000,0.943152,0.000000,0.000000,1.135321,0.535440,0.889394,0.000000,0.000000,0.464462,0.000000,0.000000,1.935314,0.946877,0.758396,1.281889,0.651719,0.000000,0.000000,0.000000,1.549718,0.450888,1.191905,0.000000,0.614456,1.296411,0.811141,0.000000,0.000000,2.061286,0.000000,0.530729,1.039319,0.362612,0.000000,0.750931,0.000000,0.371436,0.000000,0.000000,0.000000,1.516415,0.568698,0.000000,1.471876,0.000000,2.174200,1.249903,0.940095,2.397680,0.808491,0.384055,0.204553,0.240608,0.574687,0.000000,0.000000,2.014447,0.000000,0.000000,0.000000,0.000000,0.000000,0.000000,0.000000,0.000000,0.000000,0.721090,0.000000,0.000000,0.000000,0.000000,0.000000,0.000000,0.000000,0.000000,0.000000,1.556729,0.000000
DEMO_0102,0.000000,0.275570,0.705858,0.416775,0.000000,0.000000,0.539240,0.000000,1.277889,0.000000,1.362516,0.874207,2.143417,0.742401,1.182629,0.244529,1.466114,0.963885,1.952321,0.000000,0.000000,0.000000,0.000000,0.830816,1.311836,0.425696,0.000000,0.000000,0.000000,0.000000,0.365652,0.000000,0.566721,1.234429,0.000000,0.000000,1.728444,0.000000,0.564556,0.000000,0.960465,0.000000,0.000000,0.849112,0.000000,0.000000,2.283626,0.293793,0.000000,0.000000,0.652034,0.689144,0.459318,2.007281,1.766121,1.620398,1.298128,0.868535,0.943441,0.000000,0.000000,1.070995,1.152728,0.830857,0.495472,0.884484,0.000000,0.000000,0.000000,0.000000,0.000000,1.227643,1.021075,0.000000,1.011549,1.699232,0.000000,0.000000,0.000000,0.868348,0.000000,0.000000,0.000000,0.000000,0.000000,0.000000,0.000000,0.000000,0.000000,0.000000,0.000000,0.000000,0.000000,0.000000,0.000000,0.000000,0.000000,0.000000,0.000000,0.000000
DEMO_0103,1.939000,1.224500,0.000000,0.000000,0.000000,0.000000,0.000000,0.914376,0.749361,0.790915,1.311969,0.000000,2.112891,1.243156,1.832833,0.000000,1.196872,0.799917,1.073789,0.000000,0.000000,0.858048,0.000000,0.000000,0.000000,0.815929,1.205025,0.000000,1.566066,0.000000,0.798256,0.852589,0.000000,1.628920,1.248014,0.605130,0.374530,0.000000,0.000000,0.000000,0.000000,0.000000,1.040179,1.240523,0.000000,0.914988,0.656494,0.000000,1.019221,0.000000,1.202752,1.158634,0.567532,0.000000,0.000000,0.715102,0.981488,0.000000,0.829111,0.941294,1.600027,0.000000,1.530159,0.000000,0.593276,0.806627,1.256466,0.000000,0.792160,0.000000,0.511521,0.802965,0.742974,0.000000,1.081413,1.537933,0.000000,1.321964,0.000000,0.898327,0.000000,0.000000,0.000000,0.000000,0.000000,0.000000,0.000000,0.000000,0.000000,0.000000,0.000000,0.000000,0.000000,0.000000,0.000000,0.000000,0.000000,0.000000,0.000000,0.000000
DEMO_0104,0.971972,0.000000,0.000000,0.000000,0.000000,0.000000,0.000000,0.000000,0.883976,0.994181,0.000000,0.000000,0.851504,0.416984,0.000000,0.930275,0.000000,0.841833,1.920728,1.376790,0.000000,1.648413,0.000000,0.000000,0.760275,0.516036,0.948838,0.928034,0.000000,1.959377,0.660179,0.494886,0.788874,0.919186,0.758152,0.000000,0.000000,1.395429,0.966909,0.000000,0.000000,0.000000,0.000000,1.618278,0.000000,1.098278,0.405442,0.000000,0.390638,1.080009,0.825557,0.752415,0.000000,0.765645,1.467233,0.400615,1.630991,0.733051,0.000000,1.526489,0.523716,0.840233,0.000000,0.731917,0.000000,0.000000,0.098821,0.815704,0.599237,0.369063,0.000000,1.358015,0.000000,0.602349,0.839138,0.682376,2.357142,2.086401,1.120621,0.627918,0.000000,0.000000,0.000000,0.000000,0.000000,0.000000,0.000000,0.000000,0.000000,0.000000,0.000000,0.000000,0.000000,0.000000,0.000000,0.000000,0.000000,0.000000,0.000000,0.000000
DEMO_0105,0.000000,0.000000,0.954897,0.209658,1.305369,0.452923,1.267040,0.295869,0.000000,0.000000,0.628007,1.407763,1.230635,1.069989,0.713836,2.618095,1.119689,1.008763,0.808545,0.000000,0.000000,0.000000,0.000000,0.000000,0.000000,0.505710,0.569436,0.000000,0.000000,1.101345,0.000000,0.733835,0.528503,0.509349,2.298223,0.000000,0.238102,0.857875,0.797081,0.000000,0.000000,0.000000,0.000000,0.000000,0.000000,0.000000,0.780782,1.091236,0.000000,0.960946,0.000000,1.565043,0.365260,1.116428,0.250879,1.630047,1.108864,0.000000,0.953546,0.000000,1.357456,0.534592,0.000000,0.000000,0.431200,1.294222,1.341696,1.402162,0.722436,1.011989,0.341089,0.169648,0.000000,0.330944,0.953164,2.144529,0.432166,0.000000,0.723897,0.000000,0.000000,0.000000,0.000000,0.000000,0.000000,0.000000,0.674670,0.000000,0.000000,0.000000,0.000000,0.000000,0.000000,0.000000,0.000000,0.000000,0.000000,0.000000,0.000000,0.000000
DEMO_0106,1.045565,0.000000,0.000000,0.000000,1.035865,0.000000,0.000000,0.728269,2.273881,0.977525,1.779219,1.060566,0.000000,0.192487,0.792479,0.000000,0.911488,0.000000,1.085327,0.000000,0.000000,0.000000,0.671349,1.032536,1.196275,0.766889,0.000000,1.659561,0.000000,0.587825,1.392629,0.672273,0.325478,0.730411,1.142986,0.000000,0.945493,0.523729,0.000000,1.464970,1.846128,0.000000,0.766566,0.000000,0.000000,0.000000,0.000000,0.694444,1.760026,0.782492,1.092502,0.850681,0.503310,0.708732,0.556485,0.685978,1.668957,1.866957,0.000000,0.000000,0.000000,0.299787,0.000000,0.814531,0.000000,0.000000,1.213213,0.000000,0.813623,0.880627,0.000000,0.534649,0.000000,2.230183,0.000000,0.000000,0.000000,0.000000,0.981251,0.000000,0.889651,0.000000,0.000000,0.000000,0.000000,0.000000,0.000000,0.000000,0.000000,0.000000,0.000000,0.000000,0.000000,0.000000,0.000000,0.000000,0.000000,0.000000,0.000000,0.000000
DEMO_0107,0.000000,0.000000,0.000000,0.000000,0.421146,0.851347,0.000000,0.000000,0.000000,0.823052,1.202064,0.771827,1.735244,0.410653,0.195940,0.716205,0.729443,0.979644,0.000000,0.000000,1.210133,0.000000,0.000000,1.019721,0.000000,0.849652,0.385384,1.185510,0.233114,0.615584,1.023396,0.000000,0.000000,0.000000,0.000000,0.000000,2.085097,0.389444,0.944374,1.252643,2.108342,0.596550,0.000000,0.630428,0.571880,0.000000,0.000000,0.000000,0.000000,1.315179,0.000000,1.771111,1.794245,0.000000,2.182469,1.567389,0.762705,1.443008,0.000000,0.000000,0.000000,0.000000,0.615704,0.000000,0.000000,1.671914,1.532986,1.682842,0.552965,0.000000,0.000000,1.569854,0.876041,0.000000,0.680544,1.319488,0.000000,0.000000,0.250417,0.000000,0.000000,0.000000,0.000000,0.000000,0.000000,0.000000,0.000000,0.000000,0.000000,0.000000,0.000000,0.000000,0.000000,0.000000,0.000000,0.000000,0.000000,0.000000,0.000000,0.000000
DEMO_0108,0.000000,0.000000,0.000000,0.000000,0.000000,2.275345,1.069976,0.000000,0.000000,0.741237,0.000000,0.000000,1.193000,0.960472,2.606505,0.432931,0.000000,2.782099,0.340676,0.000000,0.000000,0.000000,0.383773,0.434597,0.000000,0.722455,1.911849,0.000000,0.271174,1.360977,0.211534,0.282455,0.634925,0.881756,0.572240,0.000000,1.602656,0.000000,0.605274,0.000000,0.336832,0.000000,0.000000,0.970928,0.683329,0.913347,0.000000,0.810729,0.720865,1.222235,0.328205,1.040063,0.718678,1.143439,1.317239,0.821896,0.000000,0.000000,1.139889,1.118113,0.000000,0.523940,0.679267,0.440649,0.000000,0.074468,0.396068,0.608393,1.055458,0.097746,0.172750,0.000000,1.183228,0.748214,1.296254,0.288623,0.414290,0.000000,0.000000,0.000000,0.000000,0.000000,0.000000,0.000000,0.000000,0.000000,0.000000,0.000000,0.000000,0.000000,0.000000,0.549961,0.000000,0.000000,0.000000,0.000000,0.000000,0.000000,0.000000,0.000000
DEMO_0109,0.560851,2.071999,0.000000,0.000000,1.326064,0.000000,1.203670,0.000000,1.138206,0.000000,1.709564,0.499012,0.589338,1.700369,1.416747,0.561619,0.000000,0.364424,0.997122,0.753846,0.371248,0.000000,0.000000,0.530976,0.000000,0.000000,1.169506,0.000000,0.000000,0.910415,0.744062,0.529093,1.098548,1.113047,1.463635,1.164816,0.537035,0.757973,0.000000,0.000000,1.451514,1.238621,0.000000,0.962416,1.189584,0.000000,0.385588,0.922307,0.880444,0.690183,1.056883,1.595784,0.760825,0.000000,1.955984,1.320171,0.691534,1.938277,0.000000,0.000000,1.052224,0.000000,0.931999,0.000000,0.000000,1.527317,0.000000,0.000000,0.000000,0.000000,0.000000,0.718358,1.136367,0.679251,0.530362,0.000000,0.000000,0.000000,0.000000,0.193793,0.000000,0.000000,0.000000,0.000000,0.000000,0.000000,0.000000,0.000000,0.000000,0.000000,0.000000,0.000000,0.000000,0.000000,0.000000,0.000000,0.484881,0.000000,0.000000,0.000000
DEMO_0110,0.000000,0.615920,0.000000,0.000000,0.751084,0.000000,0.656047,0.684153,0.790671,0.840655,2.140197,0.000000,0.000000,1.280582,0.231667,0.938343,0.863835,1.185772,1.644925,1.478750,0.667270,0.000000,0.000000,0.000000,0.000000,0.381304,0.721092,0.000000,0.666861,1.380869,0.000000,0.762216,0.899954,1.077624,1.133402,0.000000,0.352631,0.156665,0.000000,0.000000,0.000000,0.000000,0.000000,0.861578,0.000000,0.000000,1.621043,1.489036,1.060315,0.329884,1.300558,1.788540,0.612126,1.433275,0.672074,1.328609,1.166082,0.836280,0.468950,1.195863,0.701202,0.676436,0.000000,0.592802,1.998651,0.227652,0.000000,0.431254,1.490113,0.287340,0.000000,0.303333,0.747492,0.841754,0.386922,0.769056,0.000000,0.000000,1.815713,0.000000,0.440119,0.000000,0.000000,0.000000,0.000000,0.000000,0.000000,0.000000,0.000000,0.000000,0.000000,0.000000,0.000000,0.000000,0.000000,0.000000,0.000000,0.000000,0.000000,0.000000
DEMO_0111,0.365295,0.000000,0.000000,0.354645,0.416053,0.000000,0.438045,0.000000,0.598755,0.685284,0.000000,0.000000,0.310177,0.000000,0.000000,0.000000,1.351512,0.938602,1.556779,0.000000,1.620712,0.000000,0.443647,0.000000,0.902223,1.178652,0.000000,0.965327,0.000000,0.386070,0.525868,1.650207,1.371181,0.000000,1.604260,1.557668,0.552986,1.096381,0.000000,0.451621,0.000000,0.000000,0.000000,0.000000,0.536549,1.228727,1.661511,0.122808,1.401414,0.591861,0.000000,2.289545,0.675965,1.867858,1.103312,0.437534,1.640075,2.122467,0.000000,0.000000,0.000000,0.622354,0.000000,0.587395,0.000000,0.000000,0.000000,1.363351,0.255307,0.000000,0.791965,0.759181,0.544454,0.507293,0.634971,1.014337,1.595207,0.000000,0.936080,0.000000,0.000000,0.000000,0.000000,0.000000,0.000000,0.000000,0.000000,0.000000,0.000000,0.000000,0.670745,0.000000,0.000000,0.000000,0.000000,0.000000,0.000000,0.000000,0.000000,0.000000
DEMO_0112,0.000000,0.000000,0.000000,0.000000,1.351154,0.110878,0.594865,0.000000,1.203882,0.400736,0.000000,0.480258,1.547457,0.000000,0.000000,0.286675,0.000000,1.127484,0.000000,0.000000,0.000000,1.738716,0.000000,1.432585,0.000000,0.000000,1.668326,0.000000,1.527668,1.671684,0.000000,0.559856,1.757390,0.187705,0.267769,1.241478,0.000000,1.703211,0.000000,0.000000,0.000000,0.000000,0.000000,0.000000,1.091212,1.262850,0.541252,1.859278,0.323355,0.000000,0.992812,1.078462,1.568809,1.020145,1.071753,0.554324,0.933311,0.000000,1.082696,0.765533,0.721210,0.674407,0.000000,0.000000,1.267604,0.000000,0.000000,0.934962,0.481095,1.776755,0.000000,0.704784,2.093993,0.449010,0.621677,0.386542,1.436551,0.000000,0.000000,0.000000,0.000000,0.000000,0.000000,0.000000,0.000000,0.000000,0.000000,0.000000,0.000000,0.000000,0.000000,0.000000,0.000000,0.000000,0.000000,0.000000,0.729150,0.000000,0.000000,0.000000
DEMO_0113,0.000000,0.000000,0.000000,0.579668,0.000000,0.000000,0.000000,0.000000,1.033884,0.000000,0.000000,0.995041,0.000000,0.389301,0.881587,0.498025,1.309272,0.000000,0.227089,0.392152,1.123047,1.388707,0.000000,1.079772,0.635406,0.000000,0.527780,0.685744,0.000000,0.710256,0.000000,0.000000,0.324436,0.000000,0.621667,2.079389,0.000000,1.159644,0.704880,0.000000,0.000000,0.000000,2.204197,1.721754,0.000000,0.138677,0.722563,0.000000,0.625020,1.849847,1.397196,0.939754,1.138614,0.148965,1.166861,0.174757,0.864850,0.000000,0.934033,0.297441,0.000000,1.442921,0.441890,0.840494,2.448753,0.379171,1.665480,1.528041,1.003196,0.000000,0.000000,1.429483,0.000000,1.274816,0.000000,0.914082,0.570614,0.000000,0.624165,0.000000,0.000000,0.000000,0.000000,0.000000,0.000000,0.000000,0.000000,0.000000,0.290232,0.000000,0.000000,0.000000,0.000000,0.000000,0.000000,0.000000,0.000000,0.000000,0.000000,0.000000
DEMO_0114,0.454852,0.000000,0.000000,0.000000,0.352910,1.706874,1.108838,1.550322,0.000000,0.000000,1.067561,1.804368,0.917450,0.851053,0.782084,0.381457,1.240466,0.920195,0.562746,0.000000,0.000000,0.000000,0.387599,0.000000,0.835683,0.664718,0.462712,1.444284,0.940029,0.391126,1.134708,0.743992,1.241102,1.389439,1.594476,0.909333,0.511859,1.062007,0.000000,0.000000,1.133688,1.190017,0.479977,0.646628,1.129791,0.645603,0.000000,1.157292,0.000000,0.000000,0.526805,0.547233,1.092278,0.685271,0.000000,0.246683,0.850235,0.000000,0.000000,0.000000,0.000000,0.000000,1.573702,0.000000,0.000000,2.149647,0.835501,0.000000,0.000000,0.000000,1.865403,1.286793,0.701254,0.000000,1.694479,0.722569,0.818612,0.000000,0.000000,0.958772,0.000000,0.000000,0.000000,0.000000,0.000000,0.000000,0.000000,0.000000,0.000000,0.000000,0.000000,0.000000,0.000000,0.000000,0.000000,0.000000,0.000000,0.000000,0.000000,0.000000
DEMO_0115,1.631226,0.909916,0.000000,0.000000,0.000000,0.745161,0.710404,1.895626,0.649313,1.546042,0.000000,0.000000,1.152430,2.220596,0.000000,0.838977,1.002451,0.256893,0.000000,0.000000,0.000000,1.546900,1.005288,0.000000,0.650881,1.192314,0.000000,1.544229,1.489049,0.860017,0.000000,0.000000,0.476759,0.000000,1.001768,1.142301,0.000000,1.336689,0.718068,0.000000,0.000000,0.000000,0.846240,0.000000,1.413696,0.833602,0.000000,0.000000,0.450546,0.000000,1.338101,0.358524,0.620255,1.226991,1.957045,0.388228,0.000000,1.777704,0.000000,0.000000,0.000000,1.558291,1.661646,0.000000,0.326750,0.000000,0.000000,0.646407,0.856706,0.000000,0.820282,0.620777,0.643311,0.000000,0.056378,0.814136,0.000000,0.000000,1.195960,0.798640,0.000000,0.000000,0.000000,0.000000,0.000000,0.000000,0.000000,0.000000,0.000000,0.000000,0.000000,0.000000,0.000000,0.000000,0.000000,0.000000,0.000000,0.000000,0.000000,0.000000
DEMO_0116,0.000000,0.000000,0.423759,0.000000,0.000000,0.374324,0.732741,1.223925,0.948988,0.199072,1.001328,0.243754,0.615397,0.443135,0.000000,0.891513,0.837209,0.579924,1.970885,0.000000,0.000000,0.000000,0.000000,0.303115,0.461604,0.414282,0.000000,0.000000,0.585004,1.360088,0.000000,0.875832,0.201389,1.342806,2.134866,1.187620,0.867351,1.534783,0.000000,0.000000,0.000000,0.000000,0.000000,0.000000,0.000000,0.915049,2.124946,0.846922,0.000000,1.305660,0.157225,0.773370,0.000000,0.487431,0.747993,0.898346,0.560863,0.000000,0.000000,0.173018,1.319244,1.132929,0.000000,0.000000,1.029561,0.000000,1.194325,0.000000,0.809238,0.000000,0.791594,0.803539,3.044182,0.000000,0.773594,1.323153,0.348929,0.000000,0.000000,0.000000,0.000000,0.000000,0.000000,0.000000,0.000000,0.000000,0.000000,0.656374,0.000000,0.000000,0.000000,0.000000,0.000000,0.000000,0.000000,0.000000,0.000000,0.000000,0.000000,0.000000
DEMO_0117,0.365665,0.000000,0.000000,0.328703,0.000000,1.327251,1.008446,0.000000,0.609194,1.348792,0.480175,2.354831,1.103703,0.000000,0.679634,0.759990,0.476795,0.000000,1.104535,0.546958,0.000000,0.000000,0.659905,0.000000,0.670129,0.777273,1.229358,0.307075,0.214316,1.358343,0.556567,0.893392,2.427207,0.695420,0.445949,0.385293,0.487317,0.438999,0.607651,0.000000,0.342120,0.000000,0.000000,0.000000,1.190141,0.000000,0.425343,0.000000,0.000000,2.075410,0.550714,0.666859,0.000000,1.086591,0.000000,0.000000,0.684254,0.000000,0.476426,2.235845,0.964490,0.000000,0.000000,0.000000,0.000000,0.792742,0.000000,0.000000,1.032172,0.475952,1.394947,0.000000,0.505906,1.162892,0.995910,0.504380,1.427235,1.338540,1.472889,0.768186,0.000000,0.000000,0.000000,0.000000,0.000000,0.000000,0.000000,0.000000,0.000000,0.000000,0.000000,0.000000,0.000000,0.000000,0.000000,0.000000,0.000000,0.000000,0.000000,0.000000
DEMO_0118,0.546666,0.000000,0.462551,1.539268,0.000000,0.293254,0.000000,0.000000,0.000000,0.000000,0.553599,1.446702,0.618194,1.484631,2.248694,0.000000,0.782587,0.584401,0.361137,0.000000,0.000000,0.000000,0.000000,1.212519,1.098751,0.512261,0.000000,0.000000,1.567879,1.645098,0.000000,0.000000,0.328561,1.932083,1.173288,1.174228,1.614695,0.302505,0.000000,0.000000,0.000000,0.000000,1.400776,0.879462,0.316294,1.670938,1.016604,0.000000,0.289499,0.698276,0.848407,0.247258,0.290796,0.716999,0.982126,0.910629,0.981835,0.994454,0.000000,0.559187,1.061746,0.436359,0.000000,0.360482,0.000000,0.000000,0.408259,0.000000,1.609307,1.154574,0.000000,0.852465,0.524629,0.000000,0.401403,1.533447,0.000000,0.211260,1.476313,0.000000,0.000000,0.000000,0.000000,0.000000,0.000000,0.000000,1.699730,0.000000,0.000000,0.000000,0.000000,0.000000,0.000000,0.000000,0.000000,0.000000,0.712942,0.000000,0.000000,0.000000
DEMO_0119,0.223403,0.980496,0.299411,0.000000,0.000000,0.000000,1.050796,0.000000,0.000000,1.426936,1.178738,0.000000,0.000000,0.260826,0.748245,0.289850,2.160457,0.957654,0.210566,0.000000,0.000000,0.731923,0.249306,0.000000,2.149016,0.000000,1.148546,0.000000,2.635700,0.329512,1.480812,1.688214,0.582730,0.000000,0.959848,1.643281,2.246984,0.710853,0.000000,0.000000,1.472210,1.643917,0.699536,0.442932,0.000000,0.000000,0.885786,0.000000,0.000000,0.000000,0.668993,0.000000,0.297715,1.167617,0.192376,0.000000,0.000000,0.000000,0.949754,0.000000,0.000000,0.910853,0.000000,0.203098,0.560755,0.000000,1.504635,0.665790,1.077690,0.000000,0.953405,0.695933,0.000000,0.485127,0.000000,0.509370,0.000000,0.000000,0.407083,0.000000,0.000000,0.000000,0.000000,0.000000,0.000000,0.000000,0.000000,0.000000,0.000000,0.000000,0.000000,0.000000,0.000000,0.000000,0.000000,0.000000,0.000000,1.031044,0.000000,0.000000
DEMO_0120,0.000000,0.000000,0.000000,0.418766,0.952110,0.000000,0.000000,1.108995,0.675851,0.000000,0.695831,0.962833,0.000000,1.742830,0.000000,1.396106,1.086440,0.426824,0.601299,0.630676,0.000000,0.000000,1.354620,1.149174,0.000000,0.990557,0.674894,0.900701,1.113273,0.000000,0.000000,0.836988,0.400665,1.020564,0.937123,1.226317,0.357604,0.000000,0.000000,0.914491,0.795047,0.000000,0.000000,0.471469,0.000000,0.789852,0.000000,0.000000,0.000000,1.853015,0.000000,1.337322,1.561563,0.000000,2.515160,0.000000,0.000000,0.000000,1.264177,0.000000,0.000000,1.829261,0.290412,0.599137,1.032581,0.505793,0.336147,0.890025,0.676817,1.189648,1.468944,1.832130,0.986000,0.150279,1.298446,0.589516,0.290262,0.679243,0.000000,0.964421,0.000000,0.000000,0.000000,0.000000,0.000000,0.000000,0.000000,0.000000,0.000000,0.000000,0.000000,0.000000,0.000000,0.000000,0.000000,0.000000,0.000000,0.000000,0.000000,0.000000
DEMO_0121,0.000000,1.677773,0.000000,0.000000,0.000000,0.000000,0.000000,1.112842,0.000000,0.000000,0.000000,1.087246,0.766366,0.365067,0.441818,0.342040,0.618307,0.300200,0.946354,0.000000,0.000000,0.266330,0.000000,0.000000,0.000000,0.592440,0.000000,0.000000,1.028354,0.000000,0.471118,1.510684,0.264678,0.469440,1.385235,0.969888,0.563952,1.061291,0.657298,0.000000,0.000000,0.000000,0.553060,0.000000,1.519870,0.000000,0.388060,1.352031,0.762870,1.578130,1.076032,0.000000,0.000000,0.622363,2.219070,0.960019,0.673703,0.000000,1.672469,0.000000,0.000000,1.734735,1.727538,0.000000,0.000000,0.818853,0.905878,1.054070,0.769260,0.478687,2.413540,0.787941,0.744080,0.000000,1.557631,0.314530,1.833721,0.874188,0.522090,0.000000,0.000000,0.000000,0.000000,0.000000,0.000000,0.000000,0.000000,0.000000,0.000000,0.000000,0.000000,0.000000,0.000000,0.000000,0.000000,0.000000,0.000000,0.000000,0.000000,0.000000
DEMO_0122,0.000000,0.000000,0.439236,0.416349,0.719382,0.852624,2.380247,0.000000,0.000000,2.204178,0.864002,0.000000,0.883126,1.094747,0.665070,0.000000,0.000000,1.555426,1.734410,1.054062,0.433432,0.000000,0.000000,1.483467,0.000000,0.000000,0.825385,0.739494,0.000000,0.594473,1.049801,0.000000,0.522225,0.000000,0.000000,0.541907,0.609047,0.361011,0.000000,1.101583,0.000000,1.368977,0.702402,1.360565,0.000000,1.193216,0.593263,1.504803,0.000000,0.264383,0.000000,0.000000,1.567937,1.342291,0.921228,0.621322,0.873773,0.000000,0.000000,0.332427,0.000000,0.512646,1.001902,0.706028,0.000000,0.928493,1.329129,0.000000,0.836792,0.434116,1.792249,0.689103,0.671715,0.000000,0.375528,0.157378,0.000000,0.000000,0.000000,0.756451,0.000000,0.000000,0.000000,0.000000,0.000000,0.000000,0.000000,0.000000,0.000000,0.000000,0.000000,0.000000,0.000000,0.000000,0.000000,1.965974,0.000000,0.000000,0.000000,0.000000
DEMO_0123,1.093327,0.000000,0.859076,0.708576,0.399229,1.467550,0.000000,0.000000,0.430898,0.000000,0.000000,2.317664,0.000000,1.429691,1.988416,0.629473,0.662357,0.525276,0.000000,1.169853,0.827337,0.000000,0.000000,0.000000,0.583828,0.000000,1.301037,1.338196,0.000000,0.000000,0.000000,1.037533,0.000000,1.827037,1.269232,1.812711,0.767223,1.147901,0.000000,0.000000,0.620492,0.323005,0.879657,1.084468,0.493554,0.000000,0.000000,0.000000,0.519770,0.406790,0.000000,1.502942,0.000000,0.733331,1.173246,1.475365,0.223690,0.000000,0.000000,0.000000,0.000000,0.763585,0.000000,0.000000,0.000000,0.556810,0.585411,1.585635,0.427484,0.776453,2.179408,0.000000,0.000000,0.272534,1.689849,0.678742,0.000000,0.558319,0.555321,0.364069,0.000000,0.000000,0.000000,0.000000,0.000000,0.000000,0.000000,0.000000,0.000000,0.000000,0.000000,0.000000,0.000000,0.988396,0.000000,0.000000,0.000000,0.000000,0.000000,0.000000
DEMO_0124,0.000000,0.273455,0.894935,0.385023,1.318467,1.871948,0.507831,0.734222,1.141529,1.086537,1.224124,0.605948,0.650414,0.000000,1.642537,0.679643,1.145900,0.603088,1.765612,0.000000,0.000000,0.332067,0.000000,0.000000,0.000000,0.623074,0.000000,0.000000,0.326867,0.843744,0.777203,0.734660,0.562083,0.420743,0.827330,0.000000,0.095910,0.689090,0.727393,0.000000,0.000000,0.000000,1.722215,0.506700,1.878041,0.879148,0.000000,1.788968,1.704579,0.739821,0.000000,0.979657,0.302626,0.000000,0.000000,1.450356,1.070413,1.449103,0.245528,1.198625,1.276463,1.864683,0.000000,0.000000,0.000000,0.524397,0.781305,0.349821,0.665158,0.311227,0.906616,0.406967,1.147983,0.718975,1.271309,0.000000,0.000000,0.000000,0.000000,0.874656,0.000000,0.000000,0.000000,0.000000,0.000000,0.000000,0.000000,0.000000,0.000000,0.000000,0.000000,0.000000,0.000000,0.000000,0.000000,0.000000,0.000000,0.000000,0.000000,0.000000
DEMO_0125,1.581378,0.000000,0.182155,1.251093,0.000000,1.774134,1.380603,0.000000,0.000000,0.971688,0.000000,1.574894,0.661037,2.264484,0.195194,0.000000,0.480258,0.000000,0.000000,0.645778,0.000000,0.000000,1.955725,0.890449,0.000000,0.000000,0.498029,0.883244,1.017111,0.806262,0.571972,0.917085,0.349602,1.248147,0.000000,0.960885,0.723821,0.421645,0.717923,0.431305,0.636593,0.000000,1.061419,1.007524,1.342679,0.000000,0.480592,0.914815,0.000000,1.161506,0.000000,0.000000,0.765404,0.352516,0.000000,0.675951,1.016277,0.855532,0.000000,0.000000,0.000000,0.000000,1.323246,0.216871,0.345318,0.000000,1.260560,1.251976,0.000000,0.000000,1.965189,1.177538,0.159950,0.473925,1.381277,0.000000,0.000000,0.884532,1.945589,0.000000,0.000000,0.000000,0.000000,0.000000,0.667244,0.000000,0.000000,0.000000,0.000000,0.000000,0.000000,0.000000,0.000000,0.000000,0.000000,0.000000,0.000000,0.000000,0.000000,0.000000
DEMO_0126,0.744301,0.000000,0.729883,0.000000,2.443858,0.628957,0.446923,1.344146,0.000000,0.386079,1.558061,0.000000,0.000000,0.488708,0.684342,0.292561,0.367816,0.866009,0.047338,0.000000,0.505279,0.848374,0.000000,0.000000,0.000000,0.000000,0.000000,0.832153,0.000000,0.185489,0.459251,0.258542,0.579701,0.930091,0.636199,0.144592,1.208462,1.262609,0.696795,0.000000,0.000000,0.485964,0.000000,0.345972,1.258164,0.903829,1.473266,0.651340,0.459214,1.710888,1.235169,0.913020,0.743278,0.742141,0.000000,0.000000,1.173214,0.769352,0.000000,0.896959,0.696638,0.000000,0.866643,0.584631,1.277403,0.510703,1.510144,0.000000,0.776371,1.324054,0.313298,1.196773,0.608173,1.461075,0.755227,2.371603,0.850246,0.687011,1.000362,0.296776,0.000000,0.000000,0.000000,0.000000,0.000000,0.000000,0.000000,0.000000,0.000000,0.000000,0.000000,0.000000,0.000000,0.000000,0.000000,0.000000,0.000000,0.000000,0.000000,0.000000
DEMO_0127,0.000000,0.000000,0.459053,0.000000,0.000000,0.000000,0.971268,0.000000,1.499310,0.763521,0.458416,0.959484,0.742190,0.000000,0.000000,0.684051,0.655458,0.401384,0.204895,0.935299,0.000000,0.000000,0.366399,1.207678,0.753979,0.000000,0.000000,0.380470,1.485366,2.373955,1.201798,0.732036,1.432595,0.000000,1.052883,0.925924,1.546064,1.394456,1.770652,0.746414,0.000000,0.198722,1.104305,0.456620,0.633063,0.346537,1.136719,0.000000,0.184291,1.038894,0.462785,0.307519,0.000000,2.055221,0.248657,0.000000,0.466280,2.181221,0.675458,0.000000,1.176379,0.447618,1.355332,0.203803,0.000000,0.000000,0.000000,0.351152,0.000000,1.190514,1.280434,0.000000,0.933551,0.000000,1.178776,0.420460,0.000000,0.855353,0.625294,1.093232,0.000000,0.000000,0.000000,0.000000,0.000000,0.000000,0.000000,0.000000,0.000000,0.000000,0.000000,0.000000,0.000000,0.000000,0.000000,0.000000,0.000000,0.000000,0.000000,0.000000
DEMO_0128,0.000000,0.000000,0.000000,0.000000,0.000000,0.000000,0.329488,0.172261,0.419296,0.666385,0.397454,0.755910,0.590754,1.546177,0.522016,1.999112,0.000000,0.532272,1.127015,0.566679,0.000000,0.000000,0.000000,0.945886,0.000000,0.000000,0.000000,0.626168,1.288951,0.000000,0.000000,0.427102,0.000000,0.000000,0.695350,0.804083,0.000000,0.763106,1.182950,0.000000,1.194188,0.718110,0.934298,0.000000,0.585327,2.146920,0.624555,0.000000,1.333950,0.993817,0.862123,0.671806,0.000000,1.391668,0.630689,0.678320,0.469399,0.000000,0.000000,0.000000,0.972952,0.000000,0.000000,0.000000,2.124837,0.000000,0.000000,0.301419,1.376417,0.710653,0.784915,1.082310,0.933032,1.005847,0.749066,0.353961,2.048020,0.879744,0.949139,2.112547,0.000000,0.000000,0.000000,0.000000,0.000000,0.000000,0.000000,0.000000,0.000000,0.000000,0.000000,0.000000,0.000000,0.000000,0.000000,0.000000,0.000000,0.000000,1.826174,0.000000
DEMO_0129,0.582951,0.751456,0.000000,0.000000,1.928488,0.000000,0.000000,0.000000,1.445367,0.000000,0.000000,1.219028,0.239002,1.310074,0.802809,1.439532,0.705356,1.670231,0.926947,0.000000,0.931612,0.000000,0.727022,0.000000,0.695155,2.084351,0.000000,0.785167,0.000000,0.000000,0.804973,0.000000,1.264513,0.353463,0.000000,0.814666,0.235515,1.127359,0.000000,0.000000,0.000000,0.450918,0.910405,0.534942,0.686977,0.000000,1.505659,0.000000,1.106443,0.000000,0.868981,0.000000,1.690060,0.706136,1.061481,0.941206,0.744021,0.000000,0.000000,0.000000,0.000000,0.866214,0.000000,0.882321,1.010283,0.912765,0.377397,0.000000,1.345914,1.096307,0.000000,1.065881,0.341065,1.653105,0.911875,1.856057,1.981638,0.489740,0.286511,0.000000,0.000000,0.000000,0.000000,0.000000,0.000000,0.000000,0.000000,0.000000,0.000000,0.000000,0.000000,0.000000,0.000000,0.000000,0.000000,0.000000,0.000000,0.000000,0.000000,0.000000
DEMO_0130,0.000000,0.110134,0.000000,0.000000,0.000000,0.530037,0.000000,1.983924,1.126503,0.000000,1.323961,1.044874,0.559297,0.732635,0.000000,0.595564,0.000000,0.000000,1.105226,0.000000,0.411014,0.564982,0.000000,0.000000,0.956548,0.000000,0.996396,1.511611,0.898389,0.000000,0.835797,1.547890,1.226304,0.150804,0.000000,0.953953,1.493507,1.484224,0.000000,0.000000,0.000000,1.085647,0.000000,0.000000,0.000000,1.256632,1.177763,0.370432,2.481949,1.381259,0.904432,0.000000,0.595642,0.263488,1.205945,1.430012,0.278199,0.000000,0.000000,1.322384,0.308668,0.000000,0.000000,0.000000,0.000000,1.305794,0.630921,0.000000,0.000000,1.906859,1.128303,0.579285,1.493984,0.759915,0.000000,1.298315,0.856864,0.000000,0.000000,1.256076,0.000000,0.000000,0.000000,0.000000,0.000000,0.000000,0.000000,0.000000,0.000000,0.000000,0.000000,0.000000,0.000000,0.000000,0.000000,0.000000,0.000000,0.000000,0.000000,0.000000
DEMO_0131,0.000000,0.259697,0.716570,0.000000,1.255750,0.000000,1.076372,1.610122,0.713953,0.659447,0.000000,0.440797,2.236215,0.326151,2.274279,0.969868,0.000000,1.315498,0.688988,0.000000,0.754320,0.000000,0.000000,0.373449,0.828676,0.000000,0.983172,0.000000,1.317648,0.253827,0.000000,0.472694,0.000000,1.186375,0.000000,0.958812,0.861651,0.495598,0.000000,0.000000,0.664670,0.681293,0.537100,0.000000,0.267107,0.757490,1.501181,0.323173,0.688715,0.000000,1.200071,0.638659,0.906676,2.021035,1.533300,1.504425,0.297643,0.000000,0.000000,1.182754,0.418099,0.000000,0.535343,0.000000,0.236031,0.000000,1.009505,0.667746,1.369789,1.011228,0.898907,0.391723,1.489939,0.000000,1.637751,0.380571,0.000000,0.000000,0.000000,1.109675,0.000000,0.000000,0.000000,0.000000,0.000000,0.000000,0.000000,0.000000,0.000000,0.000000,0.000000,0.000000,0.000000,0.000000,0.000000,0.000000,0.000000,0.000000,0.000000,0.000000
DEMO_0132,0.000000,0.000000,0.000000,0.371331,0.000000,0.000000,0.363639,0.000000,0.290975,0.606746,1.146766,0.000000,0.000000,0.597755,0.000000,0.000000,0.000000,0.865695,0.260592,0.000000,2.147033,0.922122,0.000000,1.333566,2.071966,0.000000,0.328466,0.000000,1.912737,0.877856,0.375785,0.000000,0.583119,0.795875,0.697879,0.000000,0.684415,1.640075,0.942512,1.138806,0.000000,0.000000,0.000000,0.000000,0.000000,1.992911,0.374303,0.274854,0.820500,0.000000,0.763016,0.307694,0.948985,0.573603,1.650462,1.082194,0.000000,0.000000,0.607767,0.000000,0.000000,0.258219,0.000000,0.000000,0.858109,1.777370,1.585257,1.369605,0.000000,0.719311,1.532330,0.595575,0.319571,1.167061,1.446311,0.787558,0.995966,1.724982,0.474084,0.365149,0.000000,0.000000,1.132962,0.000000,0.000000,0.000000,0.000000,0.000000,0.000000,0.000000,0.000000,0.000000,0.000000,0.000000,0.000000,0.000000,0.000000,0.000000,0.000000,0.000000
DEMO_0133,0.000000,0.000000,0.000000,1.530492,0.000000,0.000000,0.000000,0.355689,0.595519,0.000000,0.000000,0.000000,0.246133,0.000000,0.714788,1.728492,0.653593,1.242377,0.379147,0.000000,0.000000,0.000000,1.461706,0.000000,0.000000,0.594436,0.000000,0.000000,0.000000,1.065557,1.483593,1.155183,1.176109,0.412451,1.916098,0.710811,0.000000,2.115509,0.000000,0.000000,0.376877,0.000000,0.816281,1.267396,0.000000,0.000000,0.000000,0.760673,0.000000,2.761123,0.544589,1.223373,0.715838,1.993362,0.000000,0.478854,0.361429,0.676157,0.000000,0.000000,0.490971,0.426314,0.000000,0.000000,0.000000,0.996178,0.000000,0.514686,0.784356,0.952475,1.818469,2.174980,1.373989,0.635094,0.000000,0.488460,0.000000,0.000000,0.000000,0.287831,0.000000,0.000000,0.000000,0.000000,0.000000,0.000000,0.000000,0.000000,0.000000,0.000000,0.000000,0.000000,0.000000,0.000000,0.000000,0.000000,0.000000,0.000000,0.000000,0.000000
DEMO_0134,0.000000,0.000000,0.648185,1.347135,0.000000,0.000000,0.000000,0.748789,0.000000,1.598783,0.498130,0.149716,1.861265,0.500798,1.347706,1.724775,0.365479,0.958179,0.623126,0.000000,1.358076,0.000000,1.542737,0.000000,2.005722,0.000000,0.772847,1.219160,0.000000,0.858292,0.000000,0.802869,0.000000,0.000000,0.932613,0.457133,1.712184,1.351989,0.290594,0.624372,0.000000,0.864508,0.000000,0.000000,0.000000,0.000000,0.336674,0.000000,0.144696,0.000000,0.375368,0.574296,0.000000,1.184346,0.000000,1.237030,0.000000,1.171530,0.924549,0.000000,1.367767,0.166834,0.771357,0.650873,0.835299,0.000000,1.097281,0.000000,2.610319,0.000000,0.244757,0.000000,1.116826,0.448083,0.000000,1.658559,1.041029,0.000000,0.596760,0.930084,0.000000,0.000000,0.000000,0.000000,0.000000,0.000000,0.000000,0.000000,0.000000,0.000000,0.000000,0.000000,0.000000,0.000000,0.000000,0.000000,0.000000,0.000000,0.000000,0.000000
DEMO_0135,0.000000,0.000000,0.699574,1.470544,0.507931,0.557068,0.573401,2.028541,0.000000,0.000000,1.979338,0.000000,0.000000,0.000000,0.000000,0.897205,0.000000,0.873567,1.217165,0.000000,0.062253,0.973282,0.000000,0.000000,0.519719,1.414372,0.000000,1.440420,0.000000,0.581060,0.419229,1.427788,0.000000,1.598067,0.343258,0.000000,0.000000,0.570598,0.000000,0.000000,0.000000,1.267793,0.000000,0.694057,0.000000,0.782976,0.682844,1.618450,0.545440,0.736915,0.000000,0.000000,0.826567,0.000000,0.588597,0.824711,0.713931,0.000000,1.454172,1.842147,0.000000,2.292710,0.000000,0.862420,1.611082,1.064054,0.614108,1.454500,0.855501,0.554194,0.000000,0.653573,1.423555,0.000000,0.000000,0.563981,0.215315,0.971045,0.000000,1.061204,0.000000,0.000000,0.000000,0.904694,0.000000,0.000000,0.000000,0.000000,0.000000,0.000000,0.000000,0.000000,0.000000,0.000000,0.000000,0.000000,0.000000,0.000000,0.000000,0.000000
DEMO_0136,0.000000,0.000000,0.000000,1.328629,1.113833,0.000000,1.456059,0.000000,0.000000,0.554726,0.000000,0.000000,0.000000,0.577132,0.000000,1.168332,0.893971,0.441891,1.842084,0.272513,0.820921,0.459341,0.000000,0.852149,1.614341,0.586319,1.578369,0.672759,1.885784,1.617562,0.319176,0.652800,0.000000,0.000000,0.832738,0.442607,1.531039,0.810616,0.000000,0.000000,0.000000,0.000000,0.950705,0.475421,0.456268,0.000000,1.381394,2.755742,0.758882,0.000000,0.000000,1.216379,0.000000,0.905458,0.772664,0.765178,0.299669,0.469013,0.000000,0.000000,1.191448,0.000000,1.551241,0.418843,0.000000,0.000000,1.055817,0.000000,0.533276,0.000000,0.723334,1.040258,0.796605,0.539452,0.907689,0.858790,0.000000,0.000000,1.710973,0.000000,0.000000,0.000000,0.000000,0.000000,0.000000,0.000000,0.000000,0.000000,0.000000,0.000000,0.000000,0.000000,0.000000,0.000000,0.000000,0.000000,0.000000,0.000000,0.000000,0.000000
DEMO_0137,0.000000,0.000000,0.000000,0.000000,0.197483,0.000000,0.858690,1.681157,1.046030,0.000000,0.000000,0.000000,0.471218,1.106524,0.000000,1.642081,0.000000,0.301586,0.000000,0.975649,0.000000,0.000000,0.422271,1.049166,1.715665,0.000000,0.000000,0.000000,0.000000,0.649373,0.000000,1.552098,0.000000,0.000000,0.000000,0.717737,0.643575,0.991085,0.000000,0.000000,0.000000,0.000000,2.689384,1.941650,1.185831,0.000000,0.000000,0.575473,0.716260,0.439470,0.372054,0.000000,0.000000,0.500293,0.000000,1.795141,1.783674,0.000000,0.424093,0.000000,0.332593,0.000000,0.000000,1.245436,0.782418,1.345192,0.809030,1.105677,0.651480,0.000000,1.026591,0.429277,0.511489,0.488153,0.752434,1.236262,1.317653,0.489749,0.000000,0.261508,0.000000,0.000000,0.000000,0.000000,0.000000,0.000000,0.000000,0.000000,0.000000,0.000000,0.000000,1.121880,2.222911,0.000000,0.000000,0.000000,0.000000,0.000000,0.000000,0.000000
DEMO_0138,1.578106,0.000000,0.000000,0.000000,0.000000,1.651684,1.688493,1.019569,0.000000,0.000000,1.661388,0.000000,1.004645,1.709461,1.117554,0.623724,0.956515,1.888470,0.821512,0.000000,0.661401,0.727355,0.292049,0.000000,0.398105,1.024523,0.483261,0.000000,0.783745,1.236299,0.000000,0.000000,0.789059,0.000000,0.000000,1.382528,0.785292,0.949495,1.170462,1.216617,0.834998,0.465804,0.196832,0.000000,0.000000,0.000000,0.000000,0.000000,0.551797,0.000000,0.746966,1.178701,1.562289,1.384893,0.566014,0.904137,0.337224,0.344591,0.000000,0.487673,0.000000,0.000000,0.000000,0.000000,0.721876,0.000000,0.358411,2.729804,1.443560,0.715804,0.000000,0.394935,0.770771,0.549290,0.947293,1.302526,0.000000,0.000000,0.000000,0.000000,0.000000,0.000000,0.000000,0.000000,0.000000,0.000000,0.000000,0.000000,0.000000,0.000000,0.000000,0.000000,0.000000,0.000000,0.000000,0.000000,0.000000,0.000000,0.000000,0.000000
DEMO_0139,0.000000,0.000000,0.000000,0.000000,0.000000,0.000000,1.395923,0.000000,0.000000,0.000000,0.000000,0.000000,0.326693,2.264850,1.274746,1.447250,1.177938,0.000000,1.658642,0.000000,0.000000,0.000000,0.000000,0.000000,2.068189,1.974142,0.315584,0.966538,1.010596,0.000000,0.822511,0.000000,0.667662,0.000000,0.000000,0.000000,0.000000,0.000000,0.000000,1.354274,0.000000,0.000000,0.000000,0.000000,1.160457,0.000000,0.000000,0.000000,0.000000,0.787901,1.115037,1.241421,1.629387,0.000000,1.639124,1.531784,1.002347,0.000000,0.571397,0.000000,0.000000,0.000000,0.000000,1.396274,0.326191,0.000000,0.720363,0.000000,0.395763,0.000000,2.051596,1.127715,1.217276,1.494340,1.722928,0.327283,1.487903,0.442196,0.000000,1.319868,0.000000,0.000000,0.000000,0.000000,0.000000,0.000000,0.000000,0.000000,0.000000,0.000000,0.000000,0.000000,0.000000,0.000000,0.000000,0.000000,0.000000,0.000000,0.000000,0.000000
DEMO_0140,0.000000,0.000000,1.341762,0.000000,0.000000,0.000000,0.814704,0.902092,0.000000,0.876991,0.209389,0.000000,1.030644,0.320307,0.420574,0.981014,1.291878,1.924950,0.940947,0.000000,0.000000,2.528079,1.807292,0.000000,0.000000,1.030514,0.000000,0.987919,0.444800,0.000000,1.266614,1.152867,0.649495,0.000000,0.000000,0.493953,0.000000,0.719078,0.656382,0.000000,1.196770,0.000000,0.000000,0.000000,0.834068,1.288718,1.683855,0.000000,1.153495,0.734977,0.000000,1.472569,0.583617,1.062585,1.833275,1.167177,0.000000,0.893597,0.652577,1.152855,0.907124,0.000000,0.000000,0.958917,0.000000,0.000000,0.708442,0.477439,0.393432,0.294515,0.756070,0.983798,0.388083,0.902817,1.151576,0.251157,1.393291,0.978013,0.099325,0.000000,0.000000,0.000000,0.000000,0.000000,0.000000,0.000000,0.000000,0.000000,0.000000,0.000000,0.000000,0.000000,0.000000,0.000000,0.000000,0.000000,0.000000,0.000000,0.000000,0.000000
DEMO_0141,0.451793,0.484428,0.000000,1.215994,0.000000,0.000000,0.891927,0.000000,0.000000,1.257315,0.901451,0.750557,0.000000,1.504124,1.642796,0.345756,0.313307,0.000000,1.818708,1.268886,1.269153,0.000000,0.000000,0.000000,0.726817,1.147848,0.833407,0.734864,1.437205,1.069901,1.351189,0.970117,0.000000,0.000000,2.212245,0.235776,0.000000,0.881963,0.000000,0.000000,0.236353,1.123672,0.000000,0.000000,0.000000,0.755072,0.000000,0.000000,0.299531,0.000000,1.729517,0.000000,0.311027,0.998722,0.000000,0.499557,0.000000,0.000000,1.205609,0.000000,2.174047,2.116163,1.056611,0.000000,0.000000,0.000000,0.924076,0.951651,0.917787,0.317525,1.470574,1.495189,0.000000,0.214102,0.663419,0.317501,0.420078,1.011084,0.000000,0.000000,0.000000,0.000000,0.000000,0.000000,0.000000,0.000000,0.000000,0.000000,0.000000,0.000000,0.000000,0.000000,0.000000,0.000000,0.000000,0.000000,0.000000,0.000000,0.000000,0.000000
DEMO_0142,0.000000,1.140912,0.764971,0.000000,0.742507,0.000000,0.000000,0.231598,2.341744,1.486578,1.146666,0.838633,0.000000,0.000000,0.487241,0.347211,1.666586,1.379693,0.727262,0.000000,0.821156,0.000000,0.000000,0.335876,0.911473,1.554608,0.397388,0.383734,0.000000,0.000000,0.000000,0.000000,0.466655,0.459040,0.446661,0.704071,0.955123,1.193274,0.000000,0.000000,1.205795,1.597004,0.000000,0.724029,0.957708,0.716889,0.000000,0.000000,1.647921,0.921879,0.885797,0.000000,0.000000,0.722971,2.139423,0.422555,1.796994,0.000000,0.000000,1.048898,0.000000,0.581484,0.436124,1.004366,0.981778,0.000000,0.933897,0.563210,1.641516,0.772254,0.000000,2.054447,1.149852,0.570741,0.000000,0.000000,0.000000,0.000000,0.000000,0.000000,0.000000,0.000000,0.000000,0.000000,0.000000,0.000000,0.000000,0.000000,0.000000,0.000000,0.000000,0.000000,0.000000,0.000000,0.000000,0.000000,0.000000,0.000000,0.000000,0.000000
DEMO_0143,0.000000,0.000000,0.000000,1.872148,0.426834,1.767262,0.949729,0.496174,0.000000,0.000000,1.752576,0.981843,0.000000,0.000000,0.443553,0.972016,0.220451,0.337063,0.295523,0.000000,0.000000,0.000000,0.000000,0.825221,0.729439,0.000000,1.292684,1.763194,0.000000,1.264415,2.218297,0.318653,1.405262,0.482711,1.843501,0.619885,1.145954,0.534841,0.624251,0.000000,0.000000,0.000000,0.340144,0.000000,0.000000,0.871775,0.000000,0.714501,1.118148,0.377300,0.507299,0.771031,0.000000,0.312742,0.478911,0.948682,0.664971,0.672721,1.670986,0.000000,0.767487,1.138858,1.493527,0.000000,1.246780,1.194885,0.797415,0.514257,0.000000,0.661539,1.278632,0.865081,0.000000,0.219692,0.996471,1.829858,0.000000,0.000000,0.000000,0.000000,0.000000,0.814445,0.000000,0.000000,0.000000,0.000000,0.000000,0.000000,0.000000,0.000000,0.000000,0.000000,0.000000,0.000000,0.000000,0.000000,0.000000,0.000000,0.000000,0.000000
DEMO_0144,0.000000,0.000000,0.000000,0.000000,0.000000,0.870187,0.000000,0.000000,0.524019,1.563420,0.000000,0.000000,0.000000,0.776916,1.524941,0.000000,0.000000,1.322047,1.174018,0.000000,0.000000,0.000000,0.000000,1.944811,0.772977,0.000000,0.000000,0.000000,0.000000,0.405201,0.958720,0.000000,0.000000,1.885023,0.478081,1.073763,1.809850,1.407668,0.000000,1.574506,0.000000,1.055195,0.506268,0.775879,0.750740,0.000000,0.570742,1.035080,0.000000,0.488654,0.615498,0.465716,0.665431,0.954123,0.861031,1.628723,1.784941,1.265310,0.000000,0.362291,0.000000,1.038988,0.647076,0.000000,1.319541,1.061710,0.851564,0.598571,1.083843,1.578884,0.471310,0.000000,1.315253,0.000000,0.330413,2.039895,0.000000,1.569324,0.000000,0.000000,0.000000,0.000000,0.000000,0.000000,0.000000,0.000000,0.000000,0.000000,0.000000,0.000000,0.000000,0.000000,0.000000,0.000000,0.000000,0.000000,0.000000,0.000000,0.000000,0.000000
DEMO_0145,1.216027,0.000000,1.550368,2.049834,0.000000,0.000000,0.000000,1.331920,1.033584,1.500380,0.000000,1.320362,0.000000,1.753664,0.000000,0.507362,0.000000,0.000000,0.844260,0.499398,0.000000,0.000000,0.000000,0.803259,1.782933,0.000000,0.000000,0.000000,1.216818,0.495049,0.308781,1.185858,1.694271,1.929164,0.000000,0.853104,0.933671,1.075636,0.000000,1.860489,0.000000,0.000000,0.000000,1.076588,0.669780,0.287790,0.596348,0.000000,0.845089,0.950703,0.776938,0.718950,0.000000,0.000000,0.639057,1.625106,1.160414,0.000000,0.000000,0.000000,0.495778,0.786534,0.699844,0.000000,0.404450,0.477155,0.439408,2.168374,1.066204,0.295848,0.000000,0.000000,1.001563,0.451202,0.614343,1.044669,0.000000,0.000000,0.000000,0.000000,0.000000,0.000000,0.000000,0.000000,0.000000,0.000000,0.000000,0.000000,0.000000,0.000000,0.000000,0.000000,0.000000,0.000000,0.510318,0.000000,0.000000,0.000000,0.000000,0.000000
DEMO_0146,0.000000,0.337343,0.000000,1.030495,1.494390,0.000000,1.433994,0.000000,0.732618,0.748923,0.000000,2.633989,0.000000,0.502136,1.341257,0.548361,0.000000,0.808719,1.158507,0.302369,0.000000,0.000000,0.000000,0.591313,1.438879,0.000000,1.416604,0.000000,0.532276,1.128806,1.045971,0.000000,0.490442,0.000000,0.599426,0.000000,0.195558,0.403784,0.000000,0.000000,0.000000,1.170469,0.370495,0.836113,0.000000,0.303545,1.024426,1.049156,0.511252,0.394306,0.000000,1.847662,0.000000,0.000000,1.706290,0.000000,0.849295,1.642566,1.087942,1.097124,0.401077,0.429615,0.000000,0.446296,0.536422,0.639219,1.484283,0.568208,0.501877,0.000000,1.102906,0.864499,0.698120,1.091028,1.186458,0.594013,1.277018,1.501711,0.000000,1.120002,0.000000,0.000000,0.000000,0.000000,0.000000,0.000000,0.000000,0.000000,0.000000,0.000000,0.000000,0.000000,0.000000,0.000000,0.000000,0.000000,0.000000,0.000000,0.000000,0.000000
DEMO_0147,0.493511,1.960274,0.000000,0.000000,1.355991,0.000000,0.504250,0.000000,0.000000,0.000000,0.898911,0.000000,2.337387,2.008360,1.196575,0.534623,1.424405,0.651129,0.000000,1.054105,0.000000,0.905094,0.000000,0.763348,0.000000,1.006545,0.000000,1.026904,0.000000,0.000000,0.456740,0.000000,0.352692,0.526986,0.646083,0.613513,0.925105,0.000000,0.568946,0.000000,0.000000,0.752273,0.000000,0.636578,0.000000,1.516397,0.321832,0.697706,0.000000,0.689647,0.890895,0.000000,1.613085,0.997547,0.000000,0.458407,1.094679,0.651591,0.000000,1.255679,0.000000,1.849236,0.000000,0.668235,0.000000,0.562090,0.793128,2.328255,0.000000,0.000000,0.000000,1.442159,0.000000,0.521598,1.172181,1.618928,0.000000,0.000000,0.703477,0.000000,0.000000,0.000000,0.000000,0.000000,0.000000,0.000000,0.000000,0.000000,0.000000,1.015668,0.000000,0.000000,0.000000,0.000000,0.000000,0.000000,0.000000,0.000000,0.000000,0.000000
DEMO_0148,0.145760,0.000000,0.412853,0.000000,1.010924,0.506787,0.000000,0.000000,1.918000,0.967358,0.714220,0.962223,1.360878,0.823143,0.719234,0.253889,1.472192,0.819253,1.123712,0.000000,0.000000,0.000000,0.000000,0.000000,0.000000,0.837104,0.917082,0.848637,0.000000,1.273041,0.000000,0.225277,0.563486,0.000000,2.007006,0.728524,1.193161,1.383897,0.000000,0.570148,1.447125,0.000000,0.000000,0.631342,0.000000,0.894864,0.814378,2.131522,0.114727,1.114320,0.563545,0.901500,0.578964,0.727279,0.000000,0.631534,1.729165,0.861064,2.533922,0.597424,0.000000,0.000000,1.101654,0.000000,0.373406,0.622650,1.169065,0.540847,0.591336,0.441615,1.271106,0.000000,0.921313,0.397277,0.588655,0.408508,0.000000,0.000000,0.000000,0.000000,0.000000,0.000000,0.000000,0.000000,0.000000,0.000000,0.000000,0.000000,0.000000,0.000000,0.000000,0.000000,0.000000,0.000000,0.000000,0.000000,0.000000,0.000000,0.000000,0.000000
DEMO_0149,0.000000,0.596081,0.603708,1.441994,0.000000,1.781731,0.000000,1.354204,1.567305,0.000000,1.123601,0.000000,0.000000,1.232100,0.286177,0.498805,0.737908,0.470007,1.404495,0.896694,1.088691,0.334110,0.569911,0.000000,1.370659,0.000000,1.469273,0.609168,0.683475,0.000000,0.360755,1.031376,0.767130,0.000000,0.000000,0.615056,0.646691,0.224253,1.729050,0.391454,0.891815,0.156327,0.335396,1.771428,0.419273,0.000000,0.000000,0.000000,0.471891,0.000000,0.297657,0.196180,0.594687,1.402591,0.874212,0.273849,2.312907,0.000000,0.865019,0.000000,0.503923,0.000000,0.363269,0.505228,0.616606,1.150324,0.592157,0.000000,0.547859,0.000000,0.000000,0.199623,1.114583,0.000000,0.868912,0.000000,0.202742,0.000000,0.382539,0.000000,0.000000,0.000000,0.000000,0.000000,0.000000,2.298094,1.422997,0.000000,0.000000,0.000000,0.000000,1.300810,0.000000,0.000000,0.000000,0.000000,0.000000,0.000000,0.000000,0.000000
DEMO_0150,0.000000,0.000000,1.453388,1.077470,0.676216,0.573547,1.640684,0.000000,0.688355,0.000000,0.490060,1.617270,0.303727,0.187928,1.432187,0.642491,0.000000,0.000000,0.296450,0.000000,2.831274,0.657317,0.602905,0.000000,0.643924,0.000000,0.981642,0.000000,0.000000,0.981598,0.000000,0.893428,2.590137,0.927655,0.996763,0.804804,0.813952,0.000000,0.323333,0.359288,0.000000,0.000000,0.140474,0.000000,0.697165,0.257196,0.000000,0.000000,0.974088,0.000000,1.218036,0.335655,0.538054,0.850745,0.470924,0.306771,0.705111,0.000000,0.122996,0.000000,0.868053,0.000000,0.621426,0.325291,0.000000,0.000000,1.820330,0.751250,0.563783,0.881389,0.369179,1.960124,1.153860,0.569820,0.656121,0.705397,0.135533,1.126603,0.000000,0.756652,0.000000,0.000000,0.000000,0.000000,0.000000,0.000000,0.000000,0.000000,0.000000,0.000000,0.000000,0.000000,0.000000,0.000000,0.000000,0.000000,0.000000,0.000000,0.000000,0.000000
DEMO_0151,0.000000,0.918683,0.912403,0.000000,0.369984,1.212834,0.644800,0.000000,0.000000,0.561655,0.000000,0.689053,0.838126,0.000000,0.107653,1.722949,0.000000,1.096381,0.774331,0.000000,0.000000,0.000000,0.876696,0.326033,1.552042,0.000000,1.009743,0.911974,0.000000,0.000000,0.761505,1.401993,0.000000,0.621874,1.006801,0.000000,1.120294,1.802171,1.401100,0.000000,0.153138,1.677709,0.381981,0.331953,0.000000,1.422690,0.522769,0.000000,2.873181,0.787538,0.000000,0.000000,0.000000,1.422720,0.000000,1.087287,1.172681,0.588020,0.823455,0.644758,0.000000,0.881596,0.879110,0.000000,0.907613,0.691352,1.087017,1.421725,0.000000,0.292868,0.981046,0.241324,0.552641,0.232692,1.363899,0.000000,0.000000,0.937655,0.000000,0.708012,0.000000,0.000000,0.000000,0.000000,0.000000,0.000000,0.000000,0.000000,0.000000,0.000000,0.000000,0.000000,0.000000,0.000000,0.000000,0.000000,0.000000,0.000000,0.000000,0.000000
DEMO_0152,0.000000,1.236779,0.482672,1.058684,0.000000,0.000000,1.243693,1.264474,0.474383,0.000000,0.000000,1.021765,0.797444,0.277546,2.164660,0.982142,0.610583,0.401274,0.686797,0.000000,0.000000,0.000000,0.570015,1.501936,0.000000,0.964857,0.000000,0.000000,0.251204,0.000000,0.000000,0.498105,0.397176,0.733730,2.173480,1.133825,0.000000,1.194678,0.896559,0.000000,0.700658,1.191724,0.000000,1.241504,0.000000,0.463306,0.000000,0.390505,0.195690,1.874385,0.601069,0.642438,1.024036,0.619921,0.000000,0.000000,0.422082,0.000000,0.000000,0.899964,0.000000,0.000000,0.000000,0.000000,0.000000,0.824853,1.632428,0.000000,1.602236,0.762303,1.246238,0.846749,2.114237,1.548082,1.411586,0.000000,0.000000,0.000000,0.830464,1.254086,0.000000,0.813452,0.000000,0.000000,0.000000,0.000000,0.000000,0.000000,0.000000,0.000000,0.000000,0.000000,0.000000,0.000000,0.000000,0.000000,0.000000,0.000000,0.000000,0.000000
DEMO_0153,0.000000,0.000000,0.000000,0.458615,1.085916,0.000000,0.000000,0.000000,0.000000,0.000000,0.000000,1.049560,0.000000,0.504696,0.709008,0.752610,0.946507,1.243450,1.797654,0.000000,0.616387,0.622029,0.999647,1.087961,0.735151,0.000000,2.108773,2.655577,0.686958,0.981480,0.339871,0.524829,0.000000,1.159563,0.836213,0.000000,0.401867,1.389409,1.060287,0.000000,0.000000,2.075395,0.000000,0.326417,0.942797,0.000000,0.000000,0.518501,0.792354,1.020388,0.000000,0.786908,1.592806,0.000000,0.000000,0.961295,0.176261,0.000000,1.414818,0.000000,1.543522,0.000000,0.000000,0.587549,0.000000,0.697817,0.000000,1.712590,0.779802,1.320452,0.000000,0.863150,1.461746,0.804845,0.547494,0.631344,0.000000,0.000000,0.000000,0.000000,0.000000,0.000000,0.000000,0.000000,0.000000,0.000000,0.000000,0.000000,0.000000,0.000000,0.000000,0.000000,0.000000,0.000000,0.000000,0.000000,0.000000,0.000000,0.000000,0.000000
DEMO_0154,0.000000,0.000000,0.532877,0.000000,1.789611,0.351761,0.920393,0.000000,0.357095,1.375719,0.000000,0.501192,0.550137,0.000000,0.669261,1.487573,0.000000,1.863203,1.146229,0.266521,0.721062,0.657886,0.000000,0.813503,0.000000,0.427133,0.000000,0.641944,0.000000,0.000000,0.000000,0.000000,1.713017,0.648770,0.587276,1.236532,0.912831,1.838410,1.355515,0.000000,1.709077,0.322715,2.535256,0.342286,0.000000,0.423133,0.115263,1.004572,1.827710,0.827705,0.000000,0.000000,0.000000,1.110055,0.632140,0.730151,0.901370,0.669891,0.000000,1.832344,0.000000,1.155542,1.080306,0.000000,0.000000,0.000000,0.000000,0.000000,0.000000,0.807997,0.388759,0.509711,0.000000,1.018384,1.037890,0.998929,1.043636,0.773725,0.000000,0.000000,0.000000,0.000000,0.000000,0.000000,0.000000,0.000000,0.000000,0.000000,0.000000,0.000000,0.000000,0.000000,0.000000,0.000000,0.000000,0.000000,0.000000,0.000000,0.000000,0.000000
DEMO_0155,0.000000,0.000000,1.433701,1.391444,0.000000,0.000000,0.493124,0.000000,0.779131,0.000000,0.000000,0.681881,0.000000,0.000000,1.744932,0.429550,1.667951,1.648165,0.383795,0.000000,0.000000,0.000000,0.000000,0.000000,0.000000,1.055493,1.894803,0.000000,0.600062,0.000000,0.000000,0.000000,0.972025,0.921678,0.253863,0.631259,0.539234,0.000000,2.216225,1.238404,0.336271,0.000000,0.088030,0.000000,0.000000,1.900681,1.480345,0.000000,0.510890,0.000000,0.785227,1.204387,1.754565,0.055803,0.874197,0.754603,1.461815,1.078936,0.000000,0.337529,0.000000,1.394356,0.000000,0.748054,1.048142,1.005906,1.156952,0.000000,1.755121,0.877720,0.327966,1.088245,0.000000,0.000000,0.100563,0.985632,0.899662,0.950410,0.000000,1.300775,0.000000,0.000000,0.000000,0.000000,0.000000,0.000000,0.000000,0.000000,0.000000,0.000000,0.000000,0.000000,0.000000,0.000000,0.000000,0.000000,0.000000,0.000000,0.000000,0.000000
DEMO_0156,0.000000,0.000000,0.000000,0.602890,0.970247,2.119590,0.207318,0.979564,0.826802,0.477727,0.261362,0.663977,0.667927,0.466087,0.742472,0.346126,1.296848,0.298058,0.530892,0.000000,0.000000,0.868687,0.000000,1.154980,0.000000,0.378720,0.572645,1.108191,0.820360,1.081557,1.493213,0.000000,1.163260,0.359759,0.235041,0.253253,0.398305,0.676765,0.724146,0.543817,0.000000,0.000000,0.869746,0.000000,0.605232,0.812831,0.754313,0.275544,0.000000,0.000000,1.402471,0.625947,0.508424,1.104072,0.323303,1.114117,0.816004,0.590134,0.454763,0.192265,0.000000,0.000000,0.000000,0.629487,1.315602,0.522734,0.000000,0.398524,0.000000,0.703794,0.941603,1.565239,0.696072,1.250820,1.816829,1.104855,0.467313,0.000000,1.865170,2.648852,0.000000,0.000000,0.000000,0.000000,0.000000,0.000000,0.510557,0.000000,0.000000,0.000000,0.000000,0.000000,0.000000,0.000000,0.000000,0.000000,0.000000,0.000000,0.000000,0.000000
DEMO_0157,0.000000,0.000000,0.000000,0.543316,0.000000,0.000000,0.000000,1.605733,0.000000,0.000000,0.000000,1.445349,0.000000,0.788930,1.288425,0.567892,0.809804,0.239434,0.641066,0.000000,0.852834,0.000000,0.984463,0.000000,0.000000,2.207106,1.869239,0.498472,0.000000,0.000000,0.656385,1.627148,0.000000,0.000000,1.261147,1.420278,0.000000,0.432406,0.000000,1.086927,0.000000,0.608705,0.482503,0.000000,1.274119,0.949043,0.907418,1.197628,0.000000,0.000000,1.106468,0.937230,1.223339,0.653873,0.977761,1.301180,0.984856,1.832914,0.000000,0.000000,0.000000,0.000000,0.989252,1.470138,0.000000,0.000000,0.000000,0.000000,0.000000,0.000000,0.858068,0.000000,0.244710,0.814842,0.000000,2.459998,1.261842,0.000000,1.300687,1.435713,0.000000,0.000000,0.000000,0.000000,0.000000,0.000000,0.000000,0.000000,0.000000,0.000000,0.000000,0.000000,0.000000,0.000000,0.000000,0.000000,0.000000,0.000000,0.000000,0.000000
DEMO_0158,0.410845,0.567314,1.445525,0.000000,0.000000,0.000000,1.844271,1.287609,2.312655,0.000000,0.000000,2.193677,0.000000,0.676528,0.000000,0.000000,1.209463,0.000000,0.645412,2.379913,0.000000,1.019234,0.000000,0.000000,1.245282,0.416341,0.865460,0.543643,0.420882,0.907101,0.921328,0.427812,0.000000,1.297242,1.477219,0.532730,2.057518,0.000000,0.000000,0.000000,0.000000,1.024462,0.523875,0.000000,0.561720,0.808500,0.587534,0.000000,0.000000,1.563686,0.345131,0.000000,0.000000,1.018571,0.678453,0.301250,0.957320,0.000000,1.119595,1.097514,0.187154,0.000000,0.000000,1.111833,0.702418,1.324440,0.000000,0.000000,0.503306,0.155163,1.196973,0.423600,0.000000,0.623073,0.000000,0.000000,0.511949,0.000000,1.214769,0.146114,0.000000,0.000000,0.000000,0.000000,0.000000,0.000000,0.000000,0.000000,0.000000,0.000000,0.000000,0.000000,0.000000,0.000000,0.000000,0.000000,0.000000,0.000000,0.000000,0.000000
DEMO_0159,0.644281,0.649964,0.000000,0.000000,0.000000,0.576818,0.000000,0.891530,0.000000,0.977789,0.138851,0.201538,1.787517,0.974233,0.526833,0.315340,0.613553,1.861765,0.000000,0.000000,0.724461,0.876445,0.000000,0.474479,0.000000,0.000000,1.479684,0.000000,1.129962,0.000000,0.000000,0.000000,1.242167,1.057843,0.764839,0.000000,2.852498,0.656098,0.000000,0.000000,0.000000,0.000000,0.000000,0.000000,0.632182,1.046056,1.330056,0.232347,0.303857,0.388509,1.010837,2.528756,1.415434,0.751804,1.082479,0.000000,0.885672,0.000000,0.306239,0.257465,0.000000,0.000000,0.406542,0.712141,1.439083,0.449431,0.357178,1.501305,1.276423,0.000000,0.136186,0.896343,0.495916,1.333579,0.518854,0.578206,0.000000,0.000000,0.000000,1.155067,0.000000,0.000000,0.000000,0.000000,0.000000,0.000000,0.000000,0.000000,0.000000,0.000000,0.000000,0.000000,0.000000,0.000000,0.000000,0.000000,0.000000,0.000000,0.000000,0.000000
DEMO_0160,0.000000,0.957471,0.000000,0.942720,1.117611,1.414955,0.000000,1.229851,0.000000,0.382366,0.000000,0.000000,0.722304,1.225528,0.557644,0.809784,1.594890,1.764994,1.556891,0.000000,0.665969,0.000000,1.116344,0.000000,0.422667,0.000000,0.812309,1.109546,0.633636,1.759385,0.000000,0.267087,0.629526,0.000000,0.000000,0.499566,0.333324,1.278878,0.000000,0.000000,0.000000,0.000000,0.557540,0.000000,2.194041,0.000000,0.889554,0.981968,1.648523,1.077340,1.057511,0.000000,0.000000,1.457690,0.000000,2.083776,0.854898,0.000000,0.000000,0.000000,0.000000,2.583536,1.125673,0.000000,0.000000,0.000000,0.000000,0.000000,0.000000,0.704710,0.000000,0.000000,0.558272,0.498054,0.502317,0.206190,0.976102,0.217455,0.000000,1.232761,0.000000,0.000000,0.000000,0.000000,0.000000,0.000000,0.000000,0.000000,0.000000,0.000000,0.000000,0.000000,0.000000,0.000000,0.000000,0.000000,0.000000,0.000000,0.000000,0.000000
DEMO_0161,0.623715,0.662569,0.608164,0.000000,0.000000,0.874942,0.000000,0.000000,1.250464,0.000000,0.000000,0.315103,1.113734,2.706269,0.000000,1.315814,1.300014,2.090603,0.803987,0.000000,0.000000,0.000000,0.000000,0.000000,0.773112,0.000000,1.112305,1.243080,1.329036,0.195852,0.000000,0.707953,0.656768,1.052116,0.000000,1.256341,0.822316,0.000000,1.484532,0.289187,1.207285,0.000000,0.000000,0.787558,0.670015,0.948152,0.000000,0.000000,0.641469,1.132624,1.962126,1.205811,0.000000,0.556877,0.000000,1.231116,0.895821,0.938581,0.963332,0.919867,0.000000,0.000000,0.000000,0.375155,0.413103,0.000000,0.129238,1.591730,1.215164,0.970470,0.251004,0.000000,0.939352,0.278549,0.495585,1.113078,0.000000,0.632263,0.000000,1.004518,0.000000,0.000000,0.000000,0.000000,0.000000,0.000000,0.000000,0.000000,0.000000,0.000000,0.000000,0.000000,0.000000,0.000000,0.000000,0.000000,0.000000,0.000000,0.000000,0.000000
DEMO_0162,0.000000,0.000000,0.000000,0.835857,0.633754,1.307576,0.000000,0.000000,0.442959,0.000000,0.347710,1.029189,0.645752,0.000000,0.948702,0.316913,0.967115,1.172039,0.699058,0.000000,0.627010,0.000000,0.893055,1.418786,0.720135,0.000000,0.000000,2.019557,0.853596,1.877395,1.766901,0.000000,0.515874,0.528805,1.566006,0.689055,0.321056,0.000000,0.000000,0.921685,0.816740,0.511778,0.000000,0.000000,0.000000,0.935701,0.327867,0.000000,0.000000,1.551846,1.880816,0.601655,0.498587,0.644098,0.716451,0.543197,0.344477,0.000000,0.000000,1.285480,0.148818,0.000000,1.695627,1.442987,2.405803,2.054900,0.000000,0.200890,0.000000,0.959907,0.315185,0.000000,0.342514,0.874112,0.000000,0.624320,0.000000,0.000000,0.575393,0.000000,0.000000,0.000000,0.000000,0.000000,0.000000,0.000000,0.000000,0.000000,0.000000,0.000000,0.000000,0.000000,0.000000,0.000000,0.000000,0.000000,0.000000,0.000000,0.731266,0.000000
DEMO_0163,0.000000,1.321580,1.006523,0.000000,0.000000,0.000000,0.000000,0.764795,0.288364,1.208901,0.728486,0.000000,0.374453,0.556700,1.212326,0.000000,1.318621,1.419878,0.667650,0.641048,0.000000,0.000000,0.000000,0.000000,0.000000,0.000000,0.395539,0.602710,1.052946,0.000000,0.000000,1.505032,0.000000,2.216541,1.707051,0.878885,0.811402,0.000000,0.000000,0.000000,0.000000,1.003347,0.000000,1.383494,0.000000,1.180827,0.000000,0.000000,1.154153,0.000000,0.000000,0.000000,0.382390,0.918809,1.220595,0.000000,0.338508,0.000000,0.000000,0.000000,1.072597,1.169710,0.769414,0.000000,0.000000,0.926204,1.190425,0.897897,0.000000,2.189064,1.040188,0.000000,1.736394,0.000000,1.227125,1.382215,1.962365,1.423512,0.000000,1.552033,0.000000,0.000000,0.000000,0.000000,0.000000,0.000000,0.000000,0.000000,0.000000,0.000000,0.000000,0.000000,0.000000,0.000000,0.000000,0.000000,0.000000,0.000000,0.000000,0.000000
DEMO_0164,0.000000,0.264328,0.000000,0.000000,0.808592,1.209901,0.658960,1.768226,0.000000,1.908425,0.000000,0.000000,1.570342,1.448143,0.960961,1.535749,0.000000,0.000000,1.362806,1.088656,0.000000,0.000000,0.000000,0.948419,0.456853,1.045033,0.000000,0.176688,0.905281,0.282476,1.605285,1.549970,0.000000,0.369793,1.591225,1.193834,0.000000,1.346359,0.000000,0.000000,1.268646,1.241174,0.000000,0.000000,0.000000,0.000000,0.000000,1.480783,1.334917,0.000000,0.582986,0.986337,2.236473,0.494743,1.851971,0.979678,0.000000,0.000000,0.000000,0.700270,0.000000,0.000000,0.000000,0.000000,0.000000,0.000000,0.000000,0.000000,1.247683,0.250885,1.713816,0.803239,0.000000,0.978943,0.983951,0.285248,0.000000,0.000000,0.799455,0.000000,0.000000,0.000000,0.000000,0.000000,0.000000,0.000000,0.000000,0.000000,0.000000,0.000000,0.000000,0.000000,0.000000,0.000000,0.000000,0.000000,0.000000,0.000000,0.000000,0.000000
DEMO_0165,0.437531,0.000000,0.000000,0.683846,0.278210,0.000000,0.918671,0.916652,0.000000,0.000000,0.545494,1.280060,0.305149,0.554922,0.647163,0.764399,1.272671,0.244199,1.079315,1.130750,0.000000,1.315218,0.335578,1.765689,0.848734,0.000000,0.000000,1.513657,0.000000,0.664571,0.358402,0.351783,0.000000,0.000000,0.927222,0.727742,1.070722,0.680730,0.000000,0.999523,0.000000,0.315473,0.000000,1.850549,0.697217,0.000000,0.791007,0.000000,0.543414,1.178058,0.306340,0.552651,0.377635,0.000000,1.095527,2.969999,0.000000,0.472074,0.568721,0.000000,0.000000,1.208044,0.000000,0.000000,0.981599,1.794922,1.526998,0.000000,0.000000,0.000000,0.683876,0.000000,0.000000,0.744260,2.104105,0.814024,0.000000,0.000000,0.905835,0.662990,0.000000,0.000000,0.000000,0.000000,0.000000,0.000000,0.000000,0.000000,0.000000,0.000000,0.000000,0.000000,0.000000,0.000000,0.000000,0.000000,0.000000,0.000000,0.000000,0.000000
DEMO_0166,0.000000,1.137382,0.243802,0.955562,0.000000,0.000000,0.091221,0.911651,0.377719,0.000000,0.467514,0.644004,0.715828,1.028471,0.894891,1.678809,0.897940,0.000000,0.152052,0.000000,0.348093,0.000000,0.728771,0.292467,0.000000,0.849418,0.000000,0.000000,0.000000,0.429871,0.000000,0.525273,0.406515,2.123687,0.713870,0.000000,0.446723,0.733131,1.074955,0.502318,0.000000,1.403483,0.897330,0.667181,0.000000,0.000000,0.000000,0.000000,0.000000,0.000000,2.021289,0.262947,0.249766,0.000000,1.084740,0.474627,0.516675,0.000000,0.000000,0.000000,0.680103,1.664078,0.000000,2.099317,0.181654,1.864562,0.000000,0.000000,2.211256,0.692487,0.706656,2.224244,1.040186,0.000000,0.970835,1.369180,0.514587,1.591709,0.861400,0.000000,0.000000,0.000000,0.000000,0.000000,0.000000,0.000000,0.000000,0.000000,0.000000,0.000000,0.000000,0.000000,0.000000,0.000000,0.000000,0.000000,0.000000,0.000000,0.000000,0.000000
DEMO_0167,0.000000,1.199386,0.000000,0.000000,0.673443,0.282277,0.000000,1.101749,0.698254,0.768046,0.925134,0.851361,0.000000,0.000000,0.585043,1.176308,0.000000,1.161970,2.052312,1.357616,0.445890,1.280887,0.000000,0.000000,0.000000,0.423414,1.014090,2.174899,0.000000,0.000000,1.093133,0.000000,1.187542,0.837095,0.000000,0.477987,0.923274,1.298464,0.000000,2.545790,0.000000,0.000000,0.000000,0.000000,1.809786,0.000000,1.505293,0.000000,1.137012,0.506544,1.282553,0.306725,0.000000,0.403241,0.932896,0.973026,0.290919,0.000000,0.000000,0.000000,0.000000,0.000000,0.000000,0.910266,1.466803,0.000000,0.000000,0.000000,0.663603,0.778512,0.000000,1.288473,0.000000,1.470497,1.488483,0.603832,0.000000,0.000000,0.866053,0.326141,0.000000,0.000000,0.000000,0.000000,0.000000,0.000000,0.000000,0.000000,0.000000,0.000000,0.000000,0.000000,0.000000,1.015723,0.000000,0.000000,0.000000,0.000000,0.000000,0.000000
DEMO_0168,1.117469,1.598551,0.534755,0.000000,0.779785,0.000000,0.704234,0.000000,0.569019,0.000000,1.484520,2.289228,0.674445,0.435588,0.000000,0.684277,0.600421,0.561587,0.677913,0.000000,0.000000,0.000000,0.913554,0.852390,0.000000,1.109323,0.000000,0.000000,0.135276,0.606934,0.479182,1.048518,0.520019,0.422788,0.794419,0.488630,1.036948,0.552148,0.436470,1.751534,0.619616,0.511845,0.532158,1.967659,0.732365,0.460600,0.360895,0.000000,0.000000,0.861338,0.000000,0.889116,0.000000,0.926122,1.175456,0.390228,1.200830,0.883466,1.071785,0.000000,0.000000,0.417413,0.000000,0.000000,0.000000,0.982334,0.235551,0.923805,0.000000,0.321527,0.997561,1.092645,1.144239,2.503674,1.651805,0.618646,0.000000,0.690594,0.997098,0.869771,0.000000,0.000000,0.000000,0.000000,0.000000,0.000000,0.000000,0.000000,0.000000,0.000000,0.000000,0.000000,0.000000,0.000000,0.000000,0.000000,0.000000,0.000000,0.000000,0.000000
DEMO_0169,0.000000,0.570271,0.000000,1.409567,0.000000,0.000000,1.858285,0.383324,0.000000,0.000000,0.491402,0.000000,0.811100,0.000000,0.967734,0.488218,0.557279,0.462357,1.602003,2.063808,0.000000,0.000000,0.926089,0.841164,0.000000,1.176964,1.758975,0.547906,0.000000,1.485542,0.517600,0.677312,0.000000,0.000000,0.000000,0.167061,1.991069,0.843588,0.000000,0.000000,1.088404,0.656785,0.000000,0.000000,0.000000,0.509741,0.000000,1.452275,0.000000,0.000000,1.117260,0.759169,0.413959,0.000000,0.921312,1.390099,1.592936,0.000000,0.806135,0.000000,0.220983,0.527744,0.676042,0.355726,0.000000,2.109113,0.000000,0.272746,0.795148,0.713281,0.737652,0.617882,0.645419,0.634107,1.911811,1.878554,0.862745,0.000000,0.000000,0.000000,0.000000,0.000000,0.000000,0.000000,0.000000,0.000000,0.000000,0.000000,0.000000,0.000000,0.000000,0.000000,0.000000,0.000000,0.967181,0.000000,0.000000,0.000000,0.000000,0.000000
DEMO_0170,1.249491,0.479569,0.000000,0.000000,0.639823,0.000000,0.727238,0.543790,1.516451,0.447968,0.000000,1.752300,0.872604,0.685139,0.000000,0.000000,0.000000,0.000000,1.141349,0.000000,0.655307,1.466462,0.000000,0.000000,0.000000,2.345311,0.500178,0.587262,0.559797,0.000000,1.084514,0.000000,0.838073,0.432046,0.737060,0.260855,1.257129,0.760693,0.653400,0.000000,1.266791,0.557729,0.852176,0.000000,1.638980,0.000000,0.000000,0.296717,0.000000,0.837725,0.000000,0.000000,0.000000,2.078135,0.731296,1.203764,0.884327,0.000000,0.000000,0.000000,0.000000,0.000000,1.374300,0.520520,0.000000,0.000000,0.000000,0.000000,0.000000,0.000000,0.000000,0.705128,0.000000,1.102678,0.914224,1.291372,0.933960,0.000000,2.758137,1.074609,0.000000,0.000000,0.000000,0.000000,0.000000,0.000000,0.000000,0.000000,0.000000,0.000000,0.000000,0.000000,0.000000,0.000000,0.000000,0.000000,0.000000,0.000000,0.000000,1.573690
DEMO_0171,0.000000,1.263652,0.000000,0.000000,0.592673,1.376878,0.000000,0.619468,0.000000,0.000000,2.514730,0.873530,1.498407,0.000000,1.251459,0.433542,1.823526,1.821798,0.371290,0.000000,0.676690,0.000000,0.000000,0.000000,1.119735,0.559355,0.555585,0.000000,1.576296,0.000000,0.000000,0.000000,0.000000,0.000000,0.000000,1.375231,1.181766,1.971931,0.000000,0.000000,0.000000,0.829959,0.000000,0.000000,0.000000,0.000000,1.004494,0.292791,0.329981,0.605966,0.000000,0.000000,0.883675,2.102874,0.986654,1.877013,0.754090,0.645041,1.336645,0.420855,1.385332,0.540422,0.000000,0.561477,0.829672,1.418034,0.858898,0.171610,0.000000,0.546072,0.291063,0.000000,0.270199,1.526122,0.499559,0.620152,0.000000,0.247635,0.000000,0.000000,0.000000,0.000000,0.000000,0.000000,0.000000,0.000000,0.000000,0.000000,0.000000,0.000000,0.000000,0.000000,0.000000,0.000000,0.000000,0.000000,0.000000,0.000000,0.000000,0.000000
DEMO_0172,0.000000,0.296001,0.000000,0.000000,1.898032,0.601765,0.000000,1.926169,0.000000,0.000000,0.000000,0.400083,0.000000,0.000000,0.488937,1.142000,0.000000,0.891662,0.386340,0.000000,0.000000,0.000000,0.347636,2.774346,0.000000,0.000000,0.000000,0.000000,0.592072,1.337992,1.085536,0.154463,0.000000,0.689794,1.159585,1.655751,0.425672,0.779208,0.000000,0.000000,0.000000,0.000000,0.538954,1.394714,0.000000,0.188676,0.640480,1.377030,0.000000,0.000000,0.951778,0.944433,1.287815,0.433108,1.284096,1.235740,0.691770,0.616112,0.278294,0.000000,0.621408,1.455776,0.000000,1.151147,0.000000,0.000000,0.000000,0.110959,1.677331,1.251652,1.906348,1.544430,0.777491,0.778708,0.507573,0.367616,1.665978,0.000000,0.000000,0.000000,0.000000,0.000000,0.000000,0.000000,0.000000,0.000000,0.000000,0.000000,0.000000,0.000000,0.000000,0.000000,0.000000,0.000000,0.000000,0.000000,0.000000,0.000000,0.000000,0.000000
DEMO_0173,0.000000,0.000000,0.000000,0.000000,0.805743,1.121968,1.513980,0.789440,0.872585,0.000000,1.083747,0.000000,1.199429,1.224233,0.000000,0.781586,1.088393,1.122204,0.626943,0.000000,2.122256,0.000000,0.000000,0.568498,0.000000,0.000000,0.274677,1.711647,0.000000,0.000000,1.128051,0.699404,0.423428,1.832217,0.691369,1.322069,0.491434,0.000000,0.000000,1.692526,0.589268,0.000000,0.000000,0.256320,0.933738,0.000000,0.954798,0.000000,0.000000,0.606835,0.000000,0.464687,0.493202,2.108482,1.549979,0.781854,1.024221,0.000000,2.036799,0.948191,0.240740,0.000000,0.000000,1.660315,0.000000,0.752322,0.000000,0.000000,1.374669,0.000000,1.109326,0.794008,0.000000,0.000000,0.000000,1.278292,0.982462,0.000000,0.945051,0.673868,0.000000,0.000000,0.000000,0.000000,0.000000,0.000000,0.000000,0.000000,0.000000,0.000000,0.000000,0.000000,0.000000,0.000000,0.000000,0.000000,0.000000,0.000000,0.000000,0.000000
DEMO_0174,0.789283,0.945835,0.000000,0.000000,0.000000,0.000000,1.859883,0.635316,0.000000,0.000000,0.000000,1.630163,0.000000,0.000000,1.740569,0.631164,2.000242,1.351532,0.000000,0.000000,0.000000,0.603639,1.476685,0.493323,0.392979,0.000000,0.000000,0.000000,0.720553,0.944906,1.426380,0.404096,0.455556,0.000000,1.568197,0.487907,0.000000,0.634167,0.000000,0.628592,0.759231,0.646625,0.000000,0.325089,0.000000,0.000000,0.000000,0.000000,0.819068,1.112741,0.000000,1.213406,0.725453,1.059566,0.555203,0.912736,1.603675,0.000000,0.000000,1.113862,0.000000,1.372738,0.706075,0.000000,0.000000,0.785001,0.783927,2.340357,0.927524,1.056947,1.485107,0.801049,0.766150,0.345590,0.937784,0.000000,0.000000,1.451791,0.336156,0.000000,0.000000,0.000000,0.000000,0.000000,0.000000,0.000000,0.000000,0.000000,0.000000,0.000000,0.000000,0.000000,0.000000,1.549242,0.000000,0.000000,0.000000,0.000000,0.000000,0.000000
DEMO_0175,1.401696,0.478862,1.218926,0.000000,0.415162,0.000000,0.000000,0.000000,0.000000,0.000000,0.607640,2.102699,0.702549,0.608204,0.000000,1.639428,0.538138,0.933208,1.226553,1.146710,0.000000,0.000000,0.778483,2.207053,0.000000,1.222765,0.246158,1.173376,0.000000,0.000000,1.406315,0.000000,0.293870,1.416355,0.179326,0.919625,0.496665,0.370160,0.000000,0.000000,1.160213,1.576367,0.480729,1.364830,0.000000,1.161359,0.556631,0.502554,0.000000,0.747122,0.000000,1.986229,0.580300,0.820983,1.039058,0.000000,0.393308,0.000000,0.000000,0.000000,1.295696,0.692912,0.000000,0.935642,0.000000,0.956558,0.491769,0.000000,0.000000,0.000000,1.384291,0.550748,0.251834,0.577796,0.000000,0.478025,0.189528,0.615585,2.391625,0.267507,0.000000,0.000000,0.000000,0.000000,0.000000,0.000000,0.000000,0.000000,0.000000,0.000000,0.000000,0.000000,0.000000,0.000000,0.000000,0.000000,0.000000,0.000000,0.000000,0.000000
DEMO_0176,0.000000,0.000000,0.000000,1.356855,0.000000,0.000000,1.654764,1.129304,0.636875,0.000000,1.048279,0.000000,1.044081,0.000000,0.884937,0.683142,0.424909,1.509802,1.568883,1.950125,1.452782,1.253652,0.175001,0.000000,0.346138,0.000000,0.000000,0.567065,0.000000,1.114132,1.418303,0.000000,0.000000,0.777090,0.000000,2.313479,0.346704,0.886814,0.909123,0.000000,1.331721,0.000000,0.682228,1.378108,0.000000,1.177680,1.111257,0.242313,1.032962,0.130860,1.083263,1.713745,0.591258,1.421025,1.084821,0.669372,0.330641,0.000000,0.000000,0.579791,0.000000,1.060910,0.000000,0.000000,0.000000,0.702046,0.589440,0.482810,0.550526,0.000000,1.034786,0.696225,0.309324,0.401921,0.000000,0.887164,0.461803,0.588741,0.207180,1.688916,0.000000,0.000000,0.000000,0.000000,0.000000,0.000000,0.000000,0.000000,0.000000,0.000000,0.000000,0.000000,0.000000,0.000000,0.000000,0.000000,0.000000,0.000000,0.000000,0.000000
DEMO_0177,1.232256,0.000000,0.000000,0.000000,1.476936,0.802667,0.000000,0.000000,1.666359,0.000000,0.401239,0.929548,0.312843,1.782392,0.914772,0.808321,0.000000,0.284952,0.745780,0.000000,0.000000,0.000000,0.149352,0.677647,1.197188,0.000000,0.982513,0.000000,2.030758,1.383793,0.401293,0.000000,1.263273,1.439265,0.000000,0.690533,0.772966,0.587773,0.590991,0.000000,0.000000,1.039669,0.000000,0.673391,0.000000,0.000000,0.000000,0.000000,1.127533,0.000000,0.000000,0.000000,0.704504,0.000000,1.233428,0.762273,1.052836,0.000000,0.000000,0.000000,1.336739,1.745302,1.783527,0.374055,1.202328,0.338070,1.784924,1.058056,0.000000,0.000000,0.684893,1.723274,1.049456,1.376484,0.584986,0.286918,0.000000,0.000000,1.800483,0.656357,0.000000,0.000000,0.000000,0.000000,0.000000,0.000000,0.718749,0.000000,0.000000,0.000000,0.000000,0.000000,0.000000,0.000000,0.000000,0.000000,0.000000,0.000000,0.000000,0.000000
DEMO_0178,0.000000,2.363482,0.000000,1.211588,0.961982,2.146109,0.000000,0.192201,0.905767,0.290893,0.509088,0.696061,0.727123,0.000000,0.970247,0.184857,0.000000,0.851886,0.405403,0.000000,0.000000,0.777286,0.000000,0.418260,0.000000,0.000000,0.000000,0.501677,0.542895,1.248878,0.656107,0.000000,1.010967,0.000000,0.832246,0.517095,1.367846,0.686133,0.000000,0.222328,0.000000,0.000000,0.000000,0.000000,1.013858,2.019087,1.070376,1.082619,0.000000,2.355871,0.000000,0.578493,0.643037,0.000000,0.233296,0.780732,0.938934,0.773118,0.000000,0.000000,0.000000,0.334765,0.386317,0.678483,0.852630,0.980074,1.924825,0.000000,1.813054,0.981826,1.323429,0.000000,0.578776,1.028084,0.803639,0.300675,0.000000,0.000000,0.000000,1.619025,0.000000,0.000000,0.000000,0.000000,0.000000,0.000000,0.000000,0.000000,0.000000,0.000000,0.000000,0.000000,0.000000,0.000000,0.000000,0.000000,0.000000,0.000000,0.000000,0.000000
DEMO_0179,0.000000,0.000000,0.518694,2.028733,0.000000,0.371707,0.000000,1.438350,0.000000,1.373546,0.718944,0.836971,0.478370,0.461518,1.228199,0.969637,1.083270,0.625370,0.000000,0.601505,0.159654,0.307282,0.000000,1.262414,0.000000,0.000000,0.000000,0.222467,1.941881,0.400777,0.530127,0.489663,0.498477,0.547413,0.402110,1.987908,2.206082,0.000000,0.747530,0.000000,0.287043,0.000000,0.000000,1.214171,1.255986,0.630972,0.000000,0.000000,1.649389,0.472716,0.000000,2.020314,0.000000,0.659523,0.894587,0.867663,0.673347,0.000000,0.970728,0.532126,0.000000,1.726248,0.590112,0.000000,0.000000,1.408026,0.000000,0.000000,1.070825,0.689094,0.795246,0.594196,0.973475,0.596203,0.847617,0.852692,0.000000,0.633154,0.740648,0.829261,0.000000,0.000000,0.000000,0.000000,0.000000,0.000000,0.000000,0.000000,0.000000,0.000000,0.000000,0.000000,0.000000,0.000000,0.000000,0.000000,0.000000,0.000000,0.000000,0.000000
DEMO_0180,0.000000,0.000000,0.000000,0.000000,0.000000,1.028894,2.299516,0.000000,1.111745,0.000000,0.000000,0.501936,1.138408,0.000000,2.062757,0.678584,0.000000,1.644772,1.669681,0.518212,0.541629,0.000000,1.511762,0.700246,0.000000,1.525094,0.000000,0.000000,1.387876,1.504741,0.000000,0.000000,0.304436,0.000000,1.438324,0.516963,1.618799,0.474446,0.991619,0.000000,0.000000,1.638087,0.763674,0.000000,0.000000,0.000000,0.829717,0.000000,0.611016,0.541794,1.076402,1.231063,1.231762,0.000000,0.000000,1.066719,0.141358,1.692796,0.000000,1.950217,0.000000,0.000000,1.238122,0.206642,0.582215,0.974777,0.873382,0.000000,0.963895,0.000000,0.000000,0.678229,0.961205,0.521516,1.127901,0.400819,0.000000,0.000000,0.000000,0.000000,0.000000,0.000000,0.000000,0.000000,0.000000,0.000000,0.000000,0.000000,0.000000,0.000000,0.000000,0.000000,0.000000,0.000000,0.000000,0.000000,0.000000,0.000000,0.000000,0.000000
DEMO_0181,0.000000,0.000000,0.000000,0.000000,0.000000,0.000000,0.000000,0.911705,0.000000,0.153377,0.522667,0.702811,0.000000,0.645405,1.611924,1.196975,1.801042,0.000000,1.608811,0.000000,0.000000,1.242308,1.060315,0.000000,0.000000,0.695346,0.419951,0.000000,1.341250,1.901959,0.000000,0.000000,0.000000,0.681739,2.326889,0.985206,1.873514,0.000000,0.000000,0.000000,0.749318,0.000000,0.000000,1.732638,1.424101,1.463904,0.000000,0.895223,0.000000,0.000000,0.000000,0.000000,0.598897,0.000000,0.645042,0.000000,0.000000,0.000000,0.000000,0.000000,0.346849,0.000000,0.000000,0.329725,0.000000,0.000000,1.287970,1.535439,0.000000,0.694971,2.188649,0.950206,1.111789,1.339308,1.326318,0.316173,0.000000,0.000000,1.614208,1.507754,0.000000,0.000000,0.000000,0.000000,0.000000,0.000000,0.000000,0.000000,0.000000,0.000000,0.000000,0.000000,0.000000,0.000000,0.000000,0.000000,0.000000,0.000000,0.000000,0.000000
DEMO_0182,2.147255,0.000000,0.000000,0.000000,0.000000,0.000000,0.000000,0.000000,1.204230,0.000000,0.000000,0.680923,0.893377,1.071179,1.315364,0.991410,1.121830,0.723597,1.415200,0.000000,0.000000,0.173438,0.928331,0.000000,0.168629,0.000000,0.437832,0.249241,0.000000,0.246961,0.000000,1.321661,2.003907,0.000000,0.840002,0.000000,2.147982,2.306672,0.000000,0.000000,0.627174,1.127613,0.615613,0.000000,0.000000,0.980420,1.055763,1.750721,0.000000,0.000000,0.000000,0.836064,0.000000,1.356250,1.265347,0.705089,1.977365,0.000000,0.000000,0.000000,0.000000,0.541387,0.000000,1.660583,0.000000,0.998397,1.800507,0.000000,0.717077,0.000000,0.648259,0.000000,0.856797,1.361081,0.312897,0.000000,0.000000,0.000000,0.000000,0.000000,0.000000,0.000000,0.000000,0.000000,0.000000,0.448032,0.000000,0.000000,0.000000,0.000000,0.000000,0.000000,0.000000,0.000000,0.000000,0.000000,0.000000,0.000000,0.000000,0.000000
DEMO_0183,0.942530,0.656864,0.000000,1.172308,0.835798,0.000000,0.468882,0.592959,0.000000,0.363597,0.000000,0.948142,0.932489,0.000000,1.591893,0.535192,0.000000,0.208089,1.058918,0.631695,0.000000,0.000000,2.464385,0.268451,2.459688,2.198399,0.844337,1.038790,1.407530,0.000000,0.388875,0.636293,0.897893,0.000000,0.806422,0.368558,1.561315,1.188360,1.112549,0.000000,0.408571,1.360815,0.000000,0.000000,1.335257,0.411640,0.000000,0.925635,1.299465,1.190987,0.000000,0.000000,0.000000,1.124122,0.514263,0.349765,1.362545,0.000000,0.569498,0.000000,0.000000,0.000000,0.000000,0.855538,0.827401,0.000000,0.497899,0.000000,0.000000,0.000000,1.473780,0.347793,0.484600,1.500961,0.620962,0.000000,0.532036,0.000000,0.000000,0.000000,0.000000,0.000000,0.000000,0.000000,0.000000,0.000000,0.000000,0.000000,0.000000,0.000000,0.000000,0.000000,0.000000,0.000000,0.000000,0.000000,0.000000,0.000000,0.000000,0.000000
DEMO_0184,0.736869,0.000000,0.512689,0.000000,1.389793,2.171285,0.699229,0.316643,0.000000,0.287373,1.152146,1.362716,0.672014,0.791362,0.461587,0.000000,0.773265,0.551078,0.792683,0.539970,0.182979,1.247561,0.479351,0.628578,1.064724,0.000000,0.561833,0.000000,0.000000,0.796410,0.000000,0.000000,0.392692,0.660224,1.736450,1.760176,1.166506,0.776083,0.729549,0.446976,0.000000,0.000000,0.321758,0.612342,1.413489,1.087451,1.968265,1.223028,0.000000,0.538789,0.671256,1.029352,0.697243,0.406169,0.620198,0.000000,0.000000,1.188611,0.000000,0.000000,0.915179,1.219852,0.000000,0.682935,0.000000,0.000000,1.300173,0.951765,0.537530,1.479635,1.193237,1.929635,0.000000,1.232499,0.273021,0.143650,0.000000,0.000000,0.000000,0.000000,0.000000,0.000000,0.000000,0.000000,0.000000,0.000000,0.000000,0.000000,0.000000,0.000000,0.000000,0.000000,0.000000,0.000000,0.000000,0.000000,0.000000,0.000000,0.000000,1.342706
DEMO_0185,0.000000,0.813520,2.023620,0.000000,0.591740,0.000000,0.523443,0.624942,0.000000,0.000000,0.000000,0.246982,1.622347,1.083898,0.511074,1.117283,0.772484,0.513457,1.432087,0.600357,1.460337,0.000000,0.649843,0.000000,0.316693,0.682003,0.732558,0.149190,1.847019,0.199308,0.457714,0.941935,0.000000,0.000000,0.000000,0.284639,0.711860,2.121877,0.000000,0.000000,0.000000,0.000000,0.000000,0.000000,0.000000,0.000000,0.000000,0.350721,0.283491,0.248108,0.939811,0.656746,0.748667,2.448392,0.222795,0.186811,1.221477,0.000000,1.964078,0.598868,0.736877,0.229688,1.187609,0.863934,0.000000,0.948772,1.659155,0.685965,0.000000,0.293546,1.784142,0.613584,0.498552,1.554501,0.196390,0.434719,0.000000,0.000000,0.539617,0.000000,0.000000,0.000000,0.000000,0.000000,0.000000,1.246432,0.000000,0.000000,0.000000,0.000000,0.000000,0.000000,0.000000,0.000000,0.000000,0.345853,0.000000,0.000000,0.000000,0.000000
DEMO_0186,0.000000,0.000000,0.000000,0.661845,0.389537,1.905942,0.000000,0.000000,0.673346,0.000000,1.224306,1.153898,0.000000,1.463560,0.000000,0.486270,0.858853,0.971369,0.613367,0.775887,0.548115,0.920654,0.000000,0.000000,1.131923,1.011844,0.000000,1.000896,0.605905,0.816061,0.769224,0.585184,1.847793,0.509546,1.028373,1.529911,0.000000,0.535679,0.000000,2.039335,0.000000,0.000000,1.118241,0.309570,0.585969,0.808100,0.000000,1.436657,0.338036,0.451022,0.000000,1.247722,0.528098,1.507866,0.496032,1.181059,0.436431,0.000000,0.000000,0.000000,0.000000,0.948785,0.000000,0.000000,1.041908,0.192943,0.875382,1.693553,1.293421,0.000000,2.076847,0.000000,0.000000,0.358261,1.873670,0.855142,0.000000,0.905156,0.709693,0.000000,0.000000,0.000000,0.000000,0.000000,0.000000,0.000000,0.000000,0.000000,0.000000,0.000000,0.000000,0.000000,0.000000,0.000000,0.000000,0.000000,0.000000,0.000000,0.000000,0.000000
DEMO_0187,0.525496,0.000000,0.487587,0.000000,1.665138,0.688579,0.000000,0.203955,0.000000,0.417910,0.505268,0.000000,0.222805,0.413277,0.863647,0.000000,0.746721,1.746397,1.661707,1.502120,0.532114,0.518584,0.898690,0.000000,0.000000,0.832891,0.802513,0.396783,0.000000,0.830592,0.000000,0.555777,0.569926,0.000000,0.964046,0.858394,0.963247,0.000000,0.000000,0.000000,0.000000,0.525741,0.000000,0.265956,0.564908,1.515496,0.357899,0.000000,1.668057,0.000000,1.234693,0.218869,0.866510,0.809434,0.777933,1.195462,0.205132,0.000000,0.000000,0.635536,0.000000,0.184038,0.000000,0.000000,1.314711,1.576136,2.935967,0.478637,0.380287,0.694962,0.000000,0.331935,1.145756,1.892611,1.672999,0.576304,1.408591,0.000000,0.000000,0.000000,0.000000,0.000000,0.000000,0.000000,0.000000,0.000000,0.000000,0.000000,0.000000,0.000000,0.000000,0.000000,0.000000,0.000000,0.000000,0.000000,0.000000,0.000000,0.000000,0.000000
DEMO_0188,0.000000,0.214845,0.000000,1.238597,0.000000,0.737594,0.000000,1.008015,0.000000,0.780651,1.410182,0.452312,0.824010,0.815047,0.000000,0.000000,0.207778,0.000000,0.651747,0.000000,0.000000,0.000000,0.000000,0.000000,0.540599,1.360950,0.000000,0.000000,0.000000,1.083186,3.374386,0.000000,0.654951,1.916593,0.901772,1.242402,0.635690,0.431468,1.748552,0.676477,1.199551,0.312599,0.000000,0.440608,0.000000,0.000000,0.830819,0.416371,0.811060,0.000000,0.000000,0.000000,0.308085,0.730056,0.952460,0.000000,1.871922,0.533849,0.000000,0.339941,1.145033,0.000000,0.000000,0.000000,0.744940,1.496169,0.000000,0.985841,0.000000,0.000000,0.000000,1.156706,1.496165,0.775544,1.231884,0.000000,0.000000,0.000000,0.000000,0.583235,0.000000,0.000000,0.000000,0.000000,0.000000,0.000000,0.000000,0.000000,0.000000,0.000000,0.000000,0.000000,0.000000,0.000000,0.000000,0.000000,0.000000,0.000000,0.000000,0.000000
DEMO_0189,0.000000,0.000000,1.121831,2.087992,1.957985,0.000000,0.000000,1.428890,1.095508,0.000000,0.000000,0.000000,0.862256,0.427879,0.583171,0.000000,1.410403,0.000000,0.271943,0.000000,0.000000,0.764467,0.000000,1.224055,0.000000,0.000000,0.000000,0.714395,0.000000,1.422827,0.000000,1.318047,1.366674,0.000000,0.709998,0.766296,1.033672,1.413387,0.000000,0.000000,0.000000,0.000000,0.000000,0.000000,0.000000,0.659558,2.119771,0.000000,0.000000,1.713376,0.000000,0.000000,0.546328,1.074567,0.147562,1.320875,1.338270,0.000000,0.467247,0.825796,0.000000,0.000000,0.513101,0.000000,1.343203,0.000000,1.137157,0.000000,1.288892,0.748507,2.100341,0.000000,0.000000,1.316507,0.673614,0.665126,0.558003,0.000000,2.199669,0.000000,0.000000,0.000000,0.000000,0.000000,0.000000,0.000000,0.000000,0.000000,0.000000,0.000000,0.000000,0.000000,0.000000,0.000000,0.000000,0.000000,0.000000,0.000000,0.000000,0.000000
DEMO_0190,0.417630,0.900805,0.000000,0.000000,1.970409,0.000000,1.007786,0.752431,0.000000,0.641257,0.338474,0.165027,1.051701,0.000000,0.346951,1.355163,0.770388,0.728940,0.393681,0.660129,0.560216,0.770279,0.000000,1.189671,0.862430,1.548208,0.312355,0.000000,0.000000,1.289078,0.978155,0.000000,0.248253,0.000000,0.000000,0.000000,0.507314,0.672675,0.677535,0.242950,0.000000,0.000000,0.000000,1.665251,1.550042,0.000000,0.796959,1.054168,0.699205,0.000000,0.504160,0.000000,0.801806,0.627456,1.303274,0.000000,1.275329,0.441541,0.000000,0.592853,0.000000,0.279700,0.919071,0.000000,0.628647,1.282910,0.866003,2.107161,1.499328,1.626736,0.410805,0.058200,1.066787,0.224932,0.788400,0.000000,0.000000,0.000000,2.530545,0.880133,0.000000,0.000000,0.000000,0.000000,0.000000,0.000000,0.000000,0.000000,0.000000,0.000000,0.000000,0.000000,0.000000,1.017616,0.000000,0.000000,0.000000,0.000000,0.000000,0.000000
DEMO_0191,0.000000,0.000000,0.702732,0.358418,0.000000,0.365684,0.606760,0.747477,1.744828,0.361923,0.000000,0.000000,0.000000,1.654036,1.113556,1.371543,1.692660,0.761935,2.025202,0.814192,0.000000,0.000000,0.497927,0.000000,0.000000,0.000000,0.000000,0.780280,1.200414,0.860403,0.000000,0.364685,1.369787,0.825998,0.884564,1.248862,0.486867,1.484363,0.000000,0.696866,1.226883,0.000000,0.000000,0.000000,0.000000,0.113848,1.005465,0.804758,0.000000,0.548849,0.391726,0.000000,0.000000,1.937383,0.759299,1.999058,0.396417,0.000000,0.000000,0.000000,0.000000,0.000000,0.000000,0.995263,0.944790,2.164658,1.257603,0.000000,0.000000,0.000000,0.000000,0.074827,0.315112,0.871631,0.528657,1.252157,1.332742,1.883729,0.902561,0.195504,0.000000,0.000000,0.000000,0.000000,0.000000,0.000000,0.000000,0.000000,0.000000,0.000000,0.000000,0.000000,0.000000,0.000000,0.000000,0.000000,0.000000,0.000000,0.000000,0.000000
DEMO_0192,0.000000,0.347232,1.501567,0.000000,0.528434,0.780507,1.036819,1.911939,0.000000,0.865878,0.000000,0.000000,1.571527,0.828155,0.838364,0.000000,1.606469,0.645735,1.555212,0.466950,0.000000,0.196768,0.000000,0.000000,0.000000,0.391630,0.733181,0.871257,0.342033,1.045010,1.318655,0.716780,0.349827,0.000000,2.108758,1.165137,0.859603,1.989902,0.000000,0.000000,1.208193,0.000000,0.738420,0.000000,0.000000,1.126184,0.733598,0.000000,0.560657,1.028847,0.498480,0.476150,0.579971,0.000000,0.578389,0.910954,1.203369,0.000000,0.000000,0.000000,1.162900,0.000000,0.000000,0.624615,0.975145,0.432899,0.460647,0.899681,1.614535,1.103417,0.673860,0.883580,0.464369,0.830711,0.228027,0.665931,0.000000,0.542528,1.867532,1.119238,0.000000,0.000000,0.000000,0.000000,0.000000,0.000000,0.000000,0.000000,0.000000,0.000000,0.000000,0.000000,0.000000,0.000000,0.000000,0.000000,0.000000,0.000000,0.000000,0.000000
DEMO_0193,0.971226,0.897551,2.232871,0.000000,0.000000,0.000000,1.972329,0.948780,0.000000,0.948324,0.732327,0.000000,0.815565,0.000000,0.000000,0.429958,0.770558,0.985445,0.000000,0.138258,0.000000,2.166954,1.255685,0.000000,1.206616,0.000000,1.714733,0.306994,0.746282,1.016043,0.000000,1.326080,0.367233,1.148692,0.000000,0.922613,1.307409,1.230327,0.000000,0.973532,0.000000,0.953643,0.000000,0.000000,0.000000,0.000000,0.260376,0.857286,0.000000,0.000000,0.484886,0.603537,1.242405,0.991100,0.237113,0.894039,0.000000,0.000000,0.000000,0.000000,0.000000,0.000000,0.810298,0.875757,1.758889,0.806751,1.408619,1.214257,0.000000,1.577965,0.588427,0.631784,0.377337,0.000000,0.620446,1.100969,1.772622,0.631358,0.000000,0.000000,0.000000,0.000000,0.000000,0.000000,0.000000,0.000000,0.000000,0.000000,0.000000,0.000000,0.000000,0.000000,0.000000,0.000000,0.000000,0.000000,0.000000,0.000000,0.000000,0.000000
DEMO_0194,0.000000,0.000000,0.000000,0.883381,0.630432,1.194607,1.019920,0.577610,1.308154,0.823620,0.000000,0.337154,0.920459,0.000000,1.062354,1.669285,0.765860,1.855939,0.937556,0.173597,0.000000,0.000000,0.000000,0.000000,0.612504,0.380938,1.773781,0.940702,0.000000,1.638549,1.140867,1.118047,0.000000,0.961682,1.029440,1.756705,0.476959,0.595707,0.000000,0.292038,0.000000,0.000000,1.488765,0.000000,0.000000,0.000000,0.641860,0.365700,0.372515,0.879498,1.668525,0.846740,1.233503,0.985768,0.743804,0.568018,1.181254,0.000000,0.000000,1.312115,0.000000,0.000000,1.444658,1.400101,0.000000,0.492745,0.515031,2.020681,1.171878,0.306089,0.226840,0.537785,0.000000,0.250601,1.166064,0.194981,0.000000,0.000000,0.000000,1.221556,0.000000,0.000000,0.000000,0.000000,0.307307,0.000000,0.000000,0.000000,0.000000,0.000000,0.000000,0.000000,0.000000,0.000000,0.000000,0.000000,0.000000,0.000000,0.000000,0.000000
DEMO_0195,0.000000,0.710820,1.580590,0.000000,0.378291,0.957682,0.000000,0.852897,0.362676,0.000000,3.061018,0.659723,0.641358,0.598788,1.193092,1.212478,0.365674,0.625027,0.674154,0.000000,0.000000,1.189068,0.927960,0.000000,0.444596,1.432359,0.460041,0.000000,0.000000,0.980716,0.000000,0.000000,0.000000,0.969631,1.129656,0.000000,0.370787,1.502342,0.000000,1.071807,0.000000,0.515617,0.187606,0.000000,0.000000,1.608703,0.000000,0.000000,0.526563,0.552940,1.708074,0.000000,0.446928,0.549206,1.193575,0.363038,0.140628,0.000000,0.000000,0.934879,0.000000,0.000000,0.255682,0.283838,0.000000,1.390089,0.000000,1.278052,1.381089,1.069678,0.670246,0.865745,0.770824,1.266644,1.837623,0.736142,0.000000,0.000000,0.000000,1.040885,0.000000,0.000000,0.000000,0.000000,0.000000,0.000000,0.000000,0.000000,0.000000,0.000000,0.000000,0.000000,0.000000,0.000000,0.000000,0.000000,0.000000,0.000000,0.000000,0.000000
DEMO_0196,0.858154,0.000000,1.557217,0.000000,0.945157,0.847562,0.000000,0.000000,0.577902,0.298913,0.786802,0.000000,1.094024,1.523074,0.599012,0.000000,1.454525,0.000000,1.802403,0.000000,0.000000,1.022819,0.000000,0.914897,0.000000,0.000000,0.000000,0.774503,0.724585,1.120283,0.937456,0.389494,0.562641,0.903707,1.830176,0.000000,2.045793,0.417412,0.493021,0.000000,0.000000,0.000000,0.682269,1.433376,1.102785,0.461451,0.000000,0.000000,1.585104,1.048246,2.117435,0.000000,0.000000,0.000000,0.556979,1.625894,0.624337,0.000000,0.000000,0.000000,0.000000,0.000000,0.874300,0.000000,0.000000,0.561816,1.353533,0.669851,0.000000,1.206058,1.349134,1.430617,0.000000,1.368969,0.355611,0.333836,0.967629,0.899584,0.000000,0.597246,0.000000,0.000000,0.000000,1.236752,0.000000,0.000000,0.000000,0.000000,0.000000,0.000000,0.000000,0.000000,0.000000,0.000000,0.000000,0.000000,0.000000,0.000000,0.000000,0.000000
DEMO_0197,0.000000,0.000000,0.000000,0.775788,1.280540,0.000000,0.688269,1.727254,0.165223,0.000000,0.683288,0.893769,0.638328,0.494659,0.000000,0.000000,1.020524,0.000000,0.678159,0.000000,1.618939,0.695059,0.717103,0.000000,1.745653,0.618747,0.806635,0.000000,0.594095,1.771570,0.427627,0.000000,0.337815,1.013269,0.000000,0.924010,0.416453,0.000000,0.586572,0.000000,0.000000,0.000000,1.936867,0.000000,1.589418,0.000000,0.000000,0.695226,0.858095,1.042213,0.573305,0.000000,0.683244,0.478131,0.465339,0.901939,1.763150,0.000000,0.000000,1.190021,0.000000,0.000000,1.855743,0.000000,0.000000,1.295650,0.680998,1.912114,0.000000,0.000000,0.938336,0.000000,1.385468,1.245977,0.976130,1.492305,0.000000,0.511849,2.004047,0.000000,0.000000,0.000000,0.000000,0.000000,0.000000,0.000000,0.000000,0.000000,0.000000,0.000000,0.000000,0.000000,0.000000,0.000000,0.000000,0.000000,0.000000,0.000000,0.000000,0.000000
DEMO_0198,0.000000,0.000000,1.151480,0.242357,1.203068,0.000000,0.882908,0.948657,0.000000,0.000000,1.112725,0.000000,0.000000,0.000000,0.000000,1.174048,0.471412,0.416206,0.220320,0.000000,0.541790,1.400298,0.453802,0.000000,0.000000,0.000000,0.661597,2.002854,0.735065,1.990888,1.963140,0.618212,0.586801,0.729711,0.869189,0.133218,0.169883,1.118006,0.000000,0.000000,0.000000,1.025870,1.398119,0.000000,0.000000,0.875165,0.000000,0.723028,0.000000,0.000000,0.000000,1.030962,0.794695,1.137338,0.000000,0.000000,0.727697,0.000000,0.000000,0.000000,0.923136,2.661802,0.562140,0.000000,0.490322,0.000000,1.075163,0.849125,1.287570,0.259236,0.000000,0.917092,0.691881,0.614490,1.576910,2.403081,0.000000,0.816995,0.361917,0.000000,0.000000,0.000000,0.000000,0.000000,0.000000,0.000000,0.000000,0.000000,0.000000,0.000000,0.000000,0.000000,0.000000,0.000000,0.000000,0.000000,0.000000,0.000000,0.000000,0.000000
DEMO_0199,0.000000,0.000000,0.000000,1.558100,1.258977,0.000000,0.000000,1.037408,0.000000,0.960855,2.005535,1.632193,0.000000,0.797806,0.381867,0.415291,1.006109,2.278302,1.328507,0.000000,0.000000,0.000000,0.000000,0.000000,0.000000,0.850363,0.000000,0.000000,0.693179,1.919735,0.000000,0.000000,0.000000,1.127391,0.000000,0.000000,0.000000,2.275731,0.000000,0.584043,0.000000,2.521043,0.000000,0.000000,0.253738,0.000000,1.502169,0.906363,0.000000,0.929193,0.727456,0.396814,0.000000,0.409976,0.000000,1.335984,0.437894,0.000000,0.000000,0.962074,0.000000,0.000000,0.430422,0.000000,0.836052,2.200313,0.280829,0.192107,0.000000,0.291284,1.466842,0.576804,0.280642,0.170702,1.013007,0.000000,0.000000,0.000000,0.946708,0.000000,0.000000,0.000000,0.000000,0.000000,0.000000,0.000000,0.000000,0.427303,0.000000,0.000000,0.000000,0.000000,0.000000,0.000000,0.000000,0.000000,0.000000,0.000000,0.000000,0.000000
DEMO_0200,1.238158,1.004734,0.000000,0.689857,0.000000,0.188582,0.000000,0.000000,1.168195,1.758397,0.848911,2.415117,1.949788,0.894369,1.809274,0.000000,0.867609,0.254981,1.651245,0.000000,0.000000,0.000000,0.346620,2.228224,0.778164,0.000000,0.000000,0.929224,0.000000,0.000000,0.808392,1.325544,1.079969,0.240887,0.511393,1.117078,0.409372,0.689946,0.000000,0.000000,0.419935,0.892575,1.433335,0.000000,0.908041,0.000000,0.000000,0.427457,1.233954,0.000000,0.000000,1.786261,0.782370,0.264628,0.000000,1.208328,0.402449,1.246739,0.543746,0.000000,0.000000,0.000000,0.000000,0.000000,0.631886,1.227029,1.881311,0.000000,0.553515,0.000000,0.000000,0.000000,0.287493,1.130378,0.534131,0.650373,0.000000,0.000000,0.000000,0.000000,0.000000,0.000000,0.000000,0.000000,0.000000,0.000000,0.000000,0.000000,0.000000,0.000000,0.000000,0.000000,0.000000,0.000000,0.000000,0.000000,0.000000,0.000000,0.000000,0.000000
